Store,Item,Price,Size/Weight,Unit Price,Date (yyyy-mm-dd)
Safeway,Signature Select Elbow Macaroni Pasta,1.84,2 boxes (16 oz ea),0.92 per unit,2025-12-25
Safeway,Chef's Counter Top Sirloin Steak,5.99,1 lb (est.),5.99 per lb,2025-12-25
Safeway,Russet Potatoes,1.97,10 lb bag,0.20 per lb,2025-12-25
Safeway,Fresh Cranberries,1.97,12 oz bag,1.97 per unit,2025-12-25
Safeway,Fresh Cauliflower,2.33,2.4 lb,0.97 per lb,2025-12-25
Safeway,Fresh Celery Stalks,2.49,1 bunch,2.49 per unit,2025-12-25
Safeway,Yellow Onions,0.75,0.76 lb,0.99 per lb,2025-12-25
Safeway,Fresh Brussels Sprouts,2.86,2.95 lb,0.97 per lb,2025-12-25
Safeway,NatureSweet Cherubs Grape Tomatoes,4.5,10 oz,4.50 per unit,2025-12-25
Safeway,Schilling Cider Excelsior Imperial,13.99,6-pack,13.99 per unit,2025-12-25
Costco,Amylu Chicken Sausage,13.99,32 oz,13.99 per unit,2025-12-25
Costco,Mandarin Oranges,2.99,5 lb bag,2.99 per unit,2025-12-25
Costco,Kirkland Signature Free Range Eggs,4.59,2 dozen (24 count),4.59 per unit,2025-12-25
Costco,Grillo's Pickles,6.89,52 oz tub,6.89 per unit,2025-12-25
Apna Bazar,Ginger,1.99,1 lb,1.99 per lb,2025-03-24
Apna Bazar,Yellow Onion,1.49,1 lb,1.49 per lb,2025-03-24
Apna Bazar,Samosa - Ashoka - Punjabi,6.99,12 Samosas,6.99 per unit,2025-03-24
Apna Bazar,Moong Dal - Deep,3.49,2 lbs,1.745 per lb,2025-03-24
Carpinito,Broccoli,1,1 lb,1.00 per lb,2025-07-23
Carpinito,Broccoli,1.38,1 lb,1.38 per lb,2025-08-25
Carpinito,Broccoli,1.99,1 lb,1.99 per lb,2025-10-25
Carpinito,Avocados,2.5,1 Avocado,2.50 per Avocado,2025-08-25
Carpinito,Avocados,3,1 Avocado,3.00 per Avocado,2025-08-24
Carpinito,Avocados,3.5,1 Avocado,3.50 per Avocado,2025-07-23
Carpinito,Red Bell Pepper,1,1 Pepper,1 per Pepper,2025-10-25
Carpinito,Red Bell Pepper,1.5,1 Pepper,1.50 per Pepper,2025-07-23
Carpinito,Cauliflour,2,1 Head,2.00 per head,2025-08-25
Carpinito,Apple - Honeycrisp,1.99,1 lb,1.99 per lb,2025-07-23
Carpinito,Apple - Honeycrisp,2.5,1 lb,2.50 per lb,2025-07-23
Carpinito,Apple - Honeycrisp,2.5,1 lb,2.50 per lb,2025-08-24
Carpinito,Apple - Honeycrisp,2.5,1 lb,2.50 per lb,2025-08-25
Carpinito,Apple - Honeycrisp,2.5,1 lb,2.50 per lb,2025-09-25
Carpinito,Peaches,2.88,1 lb,2.88 per lb,2025-08-25
Carpinito,Peaches,2.99,1 lb,2.99 per lb,2025-08-24
Carpinito,Peaches,2.99,1 lb,2.99 per lb,2025-09-25
Carpinito,Peaches,3.99,1 lb,3.99 per lb,2025-07-23
Carpinito,Peaches,3.99,1 lb,3.99 per lb,2025-08-24
Carpinito,Apricots,2.99,1 lb,2.99 per lb,2025-07-23
Carpinito,Nectarines,2.99,1 lb,2.99 per lb,2025-08-25
Carpinito,Nectarines,3.28,1 lb,3.28 per lb,2025-08-25
Carpinito,Nectarines,3.99,1 lb,3.99 per lb,2025-07-24
Carpinito,Nectarines,3.99,1 lb,3.99 per lb,2025-08-24
Carpinito,Plums - Red,3.28,1 lb,3.28 per lb,2025-07-23
Carpinito,Jalapeno,1.5,1 lb,1.50 per lb,2025-08-24
Carpinito,Sweet Onions,1.38,1 lb,1.38 per lb,2025-08-24
Carpinito,Sweet Onions,1.48,1 lb,1.48 per lb,2025-08-24
Carpinito,Red Onion,1.48,1 lb,1.48 per lb,2025-08-24
Carpinito,Green Beans,2.28,1 lb,2.28 per lb,2025-08-24
Carpinito,Green Beans,2.28,1 lb,2.28 per lb,2025-08-25
Carpinito,Beets,0.99,1 lb,0.99 per lb,2025-08-24
Carpinito,Beets,1.25,1 lb,1.25 per lb,2025-10-25
Carpinito,Tomatoes - Beefsteak,1.99,1 lb,1.99 per lb,2025-08-25
Carpinito,Tomatoes - Beefsteak,2.28,1 lb,2.28 per lb,2025-08-24
Carpinito,Lettuce - Red Leaf,1.4,1 Head,1.40 per Head,2025-08-24
Carpinito,Spinach,1,1 bundle,1.00 per bundle,2025-08-25
Carpinito,Spinach,1.4,1 bundle,1.40 per bundle,2025-08-25
Carpinito,Tomatoes - Roma,1.99,1 lb,1.99 per lb,2025-08-25
Carpinito,Radishes,0.78,1 bundle,0.78 per bundle,2025-08-25
Carpinito,Kale,1.4,1 bundle,1.40 per bundle,2025-08-25
Carpinito,Green Bell Pepper,0.75,1 Pepper,0.75 per Pepper,2025-08-25
Carpinito,Green Bell Pepper,0.75,1 Pepper,0.75 per Pepper,2025-09-25
Carpinito,Green Bell Pepper,0.75,1 Pepper,0.75 per Pepper,2025-10-25
Carpinito,Beets,1.25,1 lb,1.25 per lb,2025-08-25
Carpinito,Yellow Onion,0.79,1 lb,0.79 per lb,2025-08-25
Carpinito,Yellow Onion,0.79,1 lb,0.79 per lb,2025-10-25
Carpinito,Yellow Onion,1.39,1 lb,1.39 per lb,2025-09-25
Carpinito,Green Onions,0.99,1 bundle,0.99 per bundle,2025-08-25
Carpinito,Zucchini,1.28,1 lb,1.28 per lb,2025-08-25
Carpinito,Cilantro,0.75,1 bundle,0.75 per bundle,2025-08-25
Carpinito,Cilantro,0.75,1 bundle,0.75 per bundle,2025-10-25
Carpinito,Sweet Potatoes / Yams,1.99,1 lb,1.99 per lb,2025-08-25
Carpinito,Cantaloupe,0.88,1 lb,0.88 per lb,2025-08-25
Carpinito,Butternut Squash,4,1 Squash,4.00 per Squash,2025-09-25
Carpinito,Butternut Squash,4,1 Squash,4.00 per Squash,2025-10-25
Carpinito,Plums - Black,0.79,1 lb,0.79 per lb,2025-09-25
Carpinito,Pear - Bosc,0.99,1 lb,0.99 per lb,2025-10-25
Carpinito,Lime,0.5,1 lime,0.50 per Lime,2025-10-25
Carpinito,Brussels Sprouts,3,1 Stalk,3.00 per stalk,2025-10-25
Carpinito,Cabbage - Jumbo,3,1 Head,3.00 per head,2025-10-25
Costco,Honey,15.99,80 oz (5 lbs),3.19 per oz,2025-07-23
Costco,Vanilla,11.99,16 oz,0.75 per oz,2025-07-23
Costco,Frozen Fruit,11.79,4 lbs,2.95 per lb,2025-07-23
Costco,Olive Oil,16.99,67.628 oz (2 liter),0.25 per oz,2025-07-23
Costco,Olive Oil,17.99,67.628 oz (2 liter),0.27 per oz,2025-10-01
Costco,Olive Oil,24.99,67.628 oz (2 liter),0.37 per oz,2025-01-01
Costco,Olive Oil,17.49,67.628 oz (2 liter),0.26 per oz,2025-11-01
Costco,Laundry Detergent - Kirkland,13.99,146 Loads (194 oz),0.10 per load,2025-07-23
Costco,Laundry Detergent - Kirkland,14.69,146 Loads (194 oz),0.10 per load,2025-07-23
Costco,Frozen Chicken Breast - Foster Farms,18.99,10 lbs,18.99 per unit,2025-08-23
Costco,Rotisserie Chicken,4.99,1 chicken,4.99 per chicken,2025-08-23
Costco,Rotisserie Chicken,4.99,1 chicken,4.99 per chicken,2024-12-01
Costco,Rotisserie Chicken,4.99,1 chicken,4.99 per chicken,2025-12-01
Costco,Pizza - Slice,1.99,1 Slice,1.99 per slice,2025-09-23
Costco,Toilet Paper,19.49,30 rolls,19.49 per unit,2025-10-23
Costco,Toilet Paper,19.99,30 rolls,19.99 per unit,2024-11-01
Costco,Toilet Paper,20.99,30 rolls,20.99 per unit,2025-10-01
Costco,Paper Towel,19.49,12 rolls,19.49 per unit,2025-10-23
Costco,Laundry Detergent - Kirkland Pods,19.99,152 Pods,19.99 per unit,2025-10-23
Costco,Orgain Chocolate Protein Powder,24.99,2.74 lbs,24.99 per unit,2025-10-23
Costco,Schilling Cider,11.99,6 pack,11.99 per unit,2025-10-23
Costco,Dishwasher Detergent Pods,11.99,115 ct,11.99 per unit,2025-10-23
Costco,Ibuprofen - Kirkland liquid gels,13.49,360 ct,13.49 per unit,2025-10-23
Costco,Pepperoni Pizza - Fresh,9.95,1 Pizza,9.95 per pizza,2025-01-24
Costco,Pepperoni Pizza - Fresh,9.95,1 Pizza,9.95 per pizza,2024-12-01
Costco,Pepperoni Pizza - Fresh,9.95,1 Pizza,9.95 per pizza,2025-08-01
Costco,Tortellini,10.99,3 lbs,10.99 per unit,2025-01-24
Costco,Tortellini,10.99,3 lbs,10.99 per unit,2024-08-01
Costco,Tortellini,12.99,3 lbs,12.99 per unit,2025-12-01
Costco,Pesto,9.49,22 oz,9.49 per unit,2025-01-24
Costco,Pesto,9.49,22 oz,9.49 per unit,2024-03-01
Costco,Pesto,9.49,22 oz,9.49 per unit,2024-08-01
Costco,Pesto,9.49,22 oz,9.49 per unit,2025-01-24
Costco,Pesto,9.99,22 oz,9.99 per unit,2025-10-01
Costco,Pesto,9.99,22 oz,9.99 per unit,2025-12-01
Costco,Salsa - Mateos,6.59,32 oz,6.59 per unit,2025-01-24
Costco,Salsa - Mateos,6.79,32 oz,6.79 per unit,2024-11-01
Costco,Pot Stickers / Dumplings - Ling Ling,8.79,4.2 lbs,8.79 per unit,2025-08-24
Costco,Pot Stickers / Dumplings - Ling Ling,12.79,4.2 lbs,12.79 per unit,2024-01-01
Costco,That's It Mini Fruit Bars,14.49,16.8 oz,14.49 per unit,2025-01-24
Costco,Pure Organic Fruit Bars,9.99,17.7 oz,9.99 per unit,2025-01-24
Costco,Pure Organic Fruit Bars,13.99,17.7 oz,13.99 per unit,2024-01-01
Costco,Pure Organic Fruit Bars,13.99,17.7 oz,13.99 per unit,2025-04-01
Costco,Granulated Garlic,7.99,18 oz,7.99 per unit,2025-02-24
Costco,Granulated Garlic,8.29,18 oz,8.29 per unit,2025-08-01
Costco,Strawberry,4.99,2 lbs,4.99 per unit,2025-07-25
Costco,Strawberry,4.99,2 lbs,4.99 per unit,2025-08-01
Costco,Strawberry,6.99,2 lbs,6.99 per unit,2024-02-01
Costco,Strawberry,6.99,2 lbs,6.99 per unit,2025-01-01
Costco,Strawberry,5.49,2 lbs,5.49 per unit,2025-04-01
Costco,Strawberry,5.99,2 lbs,5.99 per unit,2025-03-01
Costco,Strawberry,5.99,2 lbs,5.99 per unit,2025-07-01
Costco,Strawberry,5.99,2 lbs,5.99 per unit,2025-09-01
Costco,Strawberry,6.49,2 lbs,6.49 per unit,2025-09-01
Costco,Ice Cream Cup - Costco,1.99,1 cup,1.99 per unit,2025-03-24
Costco,One A Day Women,14.99,300 tablets,14.99 per unit,2025-03-24
Costco,Pork Chops,2.99,1 lb,2.99 per lb,2025-03-24
Costco,Suja Ginger Lemonade,8.99,6 10.5oz bottles,8.99 per unit,2025-08-24
Costco,Crest Mouthwash,8.99,3 1L bottles,8.99 per unit,2025-08-24
Costco,Girl Scout Coconut Caramel Bites,8.69,20 oz,8.69 per unit,2025-08-24
Costco,Unreal Coconut Bars,7.49,15.3 oz,7.49 per unit,2025-08-24
Costco,Excedrin ,18.99,300 pills,18.99 per unit,2025-08-24
Costco,Ziploc Bags - Gallon,13.99,152 bags,13.99 per unit,2025-08-24
Costco,Ziploc Bags - Quart,12.99,216 bags,12.99 per unit,2025-08-24
Costco,Wine - Pinot Grigio,4.99,1 bottle,4.99 per bottle,2025-08-24
Costco,Kleenex,16.49,10 boxes,16.49 per unit,2025-08-24
Costco,Salsa - Pace,6.99,2 38oz Containers,6.99 per unit,2025-11-24
Costco,Soap - Palmolive,6.49,102 oz,6.49 per unit,2025-11-24
Costco,BBQ Sauce - Sweet Baby Rays,6.79,80 oz,6.79 per unit,2025-12-24
Costco,Chicken Broth,8.99,6 4-cup Cartons,1.50 per 4 cups,2025-12-24
Costco,Kimchi,8.79,52.9 oz,8.79 per unit,2025-12-24
Costco,Frozen Chicken Breast - Costco,18.53,6.5 lbs,2.85 per unit,2025-10-24
Costco,Frozen Chicken Breast - Thin Sliced - Costco,28.99,10 lbs,2.89 per lb,2025-01-25
Costco,Frozen Chicken Breast - Thin Sliced - Costco,28.99,10 lbs,2.89 per lb,2025-02-01
Costco,Frozen Chicken Breast - Thin Sliced - Costco,28.99,10 lbs,2.89 per lb,2025-04-01
Costco,Frozen Chicken Breast - Thin Sliced - Costco,28.99,10 lbs,2.89 per lb,2025-07-01
Costco,Frozen Chicken Breast - Thin Sliced - Costco,29.99,10 lbs,2.99 per lb,2025-11-01
Costco,Mozzarella Sticks - Petite Cuisine,11.99,5 lbs,11.99 per unit,2025-12-24
Costco,Three Berry Blend,10.89,4 lbs,2.7225 per unit,2025-01-25
Costco,Avocado Oil,21.39,2 liter,21.39 per unit,2025-01-25
Costco,Cottage Cheese - Darigold,5.99,3 lbs,5.99 per unit,2025-01-25
Costco,Cottage Cheese - Darigold,5.99,3 lbs,5.99 per unit,2025-02-01
Costco,Cottage Cheese - Darigold,5.99,3 lbs,5.99 per unit,2025-03-01
Costco,Cottage Cheese - Darigold,5.99,3 lbs,5.99 per unit,2025-06-01
Costco,Cottage Cheese - Darigold,5.99,3 lbs,5.99 per unit,2025-07-01
Costco,Cottage Cheese - Darigold,5.99,3 lbs,5.99 per unit,2025-08-01
Costco,Cottage Cheese - Darigold,5.99,3 lbs,5.99 per unit,2025-10-01
Costco,Quinoa,9.99,4.5 lbs,9.99 per unit,2025-01-25
Costco,Greek Yogurt - Kirkland,6.29,48 oz,6.29 per unit,2025-01-25
Costco,Greek Yogurt - Kirkland,6.79,48 oz,6.79 per unit,2025-03-01
Costco,Greek Yogurt - Kirkland,6.99,48 oz,6.99 per unit,2025-07-01
Costco,Greek Yogurt - Kirkland,6.99,48 oz,6.99 per unit,2025-08-01
Costco,Greek Yogurt - Kirkland,6.89,48 oz,6.89 per unit,2025-09-01
Costco,Greek Yogurt - Kirkland,6.89,48 oz,6.89 per unit,2025-10-01
Costco,Cheese - Laughing Cow,6.49,21.7 oz,6.49 per unit,2025-01-25
Costco,Metamucil,31.99,53.2 oz,31.99 per unit,2025-02-25
Costco,Fairlife Chocolat Milk,33.99,18 11.5 oz Bottles,33.99 per unit,2025-01-25
Costco,Fairlife Chocolat Milk,33.99,18 11.5 oz Bottles,33.99 per unit,2025-04-01
Costco,Fairlife Chocolat Milk,33.99,18 11.5 oz Bottles,33.99 per unit,2025-09-01
Costco,Kirkland Signature Free Range Eggs,4.59,2 dozen (24 count),4.59 per unit,2025-10-25
Costco,Kirkland Signature Free Range Eggs,4.59,2 dozen (24 count),4.59 per unit,2025-12-01
Costco,Kirkland Signature Free Range Eggs,5.39,2 dozen (24 count),5.39 per unit,2025-09-01
Costco,Kirkland Signature Free Range Eggs,5.89,2 dozen (24 count),5.89 per unit,2025-06-01
Costco,Kirkland Signature Free Range Eggs,5.89,2 dozen (24 count),5.89 per unit,2025-07-01
Costco,Kirkland Signature Free Range Eggs,5.89,2 dozen (24 count),5.89 per unit,2025-08-01
Costco,Kirkland Signature Free Range Eggs,7.99,2 dozen (24 count),7.99 per unit,2025-01-01
Costco,Kirkland Signature Free Range Eggs,8.99,2 dozen (24 count),8.99 per unit,2025-03-01
Costco,Olives,12.99,1 Jar,12.99 per unit,2025-02-25
Costco,Raspberries,3.79,12 oz,3.79 per unit,2025-09-25
Costco,Raspberries,3.79,12 oz,3.79 per unit,2025-10-01
Costco,Raspberries,3.99,12 oz,3.99 per unit,2025-07-01
Costco,Raspberries,5.99,12 oz,5.99 per unit,2025-04-01
Costco,Raspberries,5.99,12 oz,5.99 per unit,2025-08-01
Costco,Raspberries,8.49,12 oz,8.49 per unit,2025-02-01
Costco,Raspberries,6.99,12 oz,6.99 per unit,2025-03-01
Costco,Raspberries,4.79,12 oz,4.79 per unit,2025-09-01
Costco,Raspberries,4.79,12 oz,4.79 per unit,2025-12-01
Costco,Raspberries,5.49,12 oz,5.49 per unit,2025-10-01
Costco,Raspberries,5.49,12 oz,5.49 per unit,2025-12-01
Costco,Raspberries - Organic,10.99,12 oz,10.99 per unit,2025-02-25
Costco,Bread - Dave's Killer,6.59,2 loaves,3.30 per unit,2025-09-25
Costco,Bread - Dave's Killer,6.99,2 loaves,3.49 per unit,2025-02-01
Costco,Bread - Dave's Killer,9.59,2 loaves,4.79 per unit,2025-04-01
Costco,Frozen Chicken Thighs - Costco,17.99,6.5 Lbs,2.77 per lb,2025-03-25
Costco,Frozen Chicken Thighs - Costco,19.99,6.5 Lbs,3.08 per lb,2025-10-01
Costco,Butter,13.49,4 lbs,3.37 per lb,2025-06-25
Costco,Sausage - Kirkland Chicken Parmesan Black Pepper,12.99,18 Sausages (3 lbs),12.99 per unit,2025-07-25
Costco,Hotdog Rolls - Seattle International - Sandwich Rolls,3.29,12 Rolls,3.29 per unit,2025-07-25
Costco,Ketchup - Portland,7.99,3 Bottles,2.66 per unit,2025-08-25
Costco,Tomatoes - Grape,7.49,2 lbs,7.49 per unit,2025-08-25
Costco,Honey,15.99,4.5 lbs (3 1.5lb bottles),15.99 per unit,2025-08-25
Costco,Black Pepper,5.99,12.3 oz,5.99 per unit,2025-08-25
Costco,Sandwich Meat - Cold Cuts,14.99,3.5 lbs,4.28 per unit,2025-09-25
Costco,Sandwich Cheese,9.59,2 lbs,4.80 per lb,2025-09-25
Costco,Feta Cheese - President,4.89,24 oz,4.89 per unit,2025-09-25
Costco,Cumin,6.29,14 oz,6.29 per unit,2025-09-25
Costco,Sparkling Ice,11.99,24 Bottles,0.50 per bottle,2025-09-25
Costco,Pickles - Grillo,6.89,52 oz,6.89 per unit,2025-09-25
Costco,Pickles - Grillo,6.89,52 oz,6.89 per unit,2025-10-01
Costco,Pickles - Grillo,6.89,52 oz,6.89 per unit,2025-12-01
Costco,Doritos Chips,6.99,30 oz,6.99 per unit,2025-09-25
Costco,Spinach,4.99,16 oz,4.99 per unit,2025-10-25
Costco,Spinach,4.99,16 oz,4.99 per unit,2025-12-01
Costco,Blueberries,4.99,18 oz,4.99 per unit,2025-12-25
Costco,Blueberries,7.99,18 oz,7.99 per unit,2025-10-01
Costco,Beecher's Cheese,10.99,1 lb,10.99 per lb,2025-10-25
Costco,Butternut Squash,6.99,2 lbs,6.99 per unit,2025-12-25
Costco,Clementines - Cuties,2.99,3 lbs,2.99 per unit,2025-12-25
Costco,Clementines - Cuties,3.99,3 lbs,3.99 per unit,2025-12-25
Costco,Asparagus,9.99,2.25 lbs,4.44 per lb,2025-12-25
Costco,Turkey - Butterball,0.99,1 lb,0.99 per lb,2025-12-25
Costco,Amylu Chicken Breakfast Sausage,13.99,2.5 lbs,13.99 per unit,2025-12-25
Costco,One A Day Women's Multivitamin,14.99,300 Count,0.05 per unit,2025-12-25
Costco,Nature's Bounty Magnesium Glycinate,12.99,200 Count,0.06 per unit,2025-12-25
Costco,Kirkland Signature Daily Multivitamin,15.99,500 Count,0.03 per unit,2025-12-25
Costco,Kirkland Signature Daily Multivitamin,15.99,500 Count,0.03 per unit,2025-12-25
Costco,Nature's Bounty Magnesium Glycinate,12.99,200 Count,0.06 per unit,2025-12-25
Fred Meyer,Store Brand Beef Bone-in,3.99,1 lb, 3.99 per lb,2025-12-15
Fred Meyer,Store Brand Beef Bone-in,3.99,1 lb, 3.99 per lb,2025-12-15
Fred Meyer,Kroger Cottage Cheese,2,16 oz, 2.00 per unit,2025-12-15
Fred Meyer,Kroger Cottage Cheese,2.5,16 oz, 2.50 per unit,2025-12-15
Fred Meyer,Parsley Bunch,3.99,1 bunch, 3.99 per unit,2025-12-15
Fred Meyer,Garlic,0.99,1 bulb, 0.99 per unit,2025-12-15
Fred Meyer,93% Lean Ground Beef,14.97,3 lbs, 4.99 per lb,2025-12-15
Fred Meyer,93% Lean Ground Beef,14.97,3 lbs, 4.99 per lb,2025-12-15
Fred Meyer,Yellow Onions,1.79,1 lb, 1.79 per lb,2025-12-15
Fred Meyer,Fred Meyer Milk,2.59,0.5 Gallon, 2.59 per 0.5 Gallon,2025-12-15
Fred Meyer,Large Shrimp Fresh,5.97,1 lb,5.97 per lb,2023-06-01
Fred Meyer,Life Cereal,1.49,13 oz,1.49 per unit,2023-06-01
Fred Meyer,Life Cereal,1.99,13 oz,1.99 per unit,2023-08-01
Fred Meyer,2% Milk,1.29,0.5 Gallon,1.29 per 0.5 Gallon,2023-09-01
Fred Meyer,2% Milk,2.49,0.5 Gallon,2.49 per 0.5 Gallon,2023-09-01
Fred Meyer,2% Milk,2.79,0.5 Gallon,2.79 per 0.5 Gallon,2023-12-01
Fred Meyer,2% Milk,2.79,0.5 Gallon,2.79 per 0.5 Gallon,2024-08-01
Fred Meyer,2% Milk,2.79,0.5 Gallon,2.79 per 0.5 Gallon,2025-01-01
Fred Meyer,2% Milk,2.79,0.5 Gallon,2.79 per 0.5 Gallon,2025-09-01
Fred Meyer,2% Milk,2.59,0.5 Gallon,2.59 per 0.5 Gallon,2025-12-01
Fred Meyer,80 / 20 Ground Beef,7.5,3 lbs,2.50 per lb,2023-06-01
Fred Meyer,80 / 20 Ground Beef,8.31,3 lbs,2.77 per lb,2023-07-01
Fred Meyer,80 / 20 Ground Beef,8.31,3 lbs,2.77 per lb,2023-08-01
Fred Meyer,80 / 20 Ground Beef,8.97,3 lbs,2.99 per lb,2024-01-01
Fred Meyer,80 / 20 Ground Beef,8.64,3 lbs,2.88 per lb,2024-06-01
Fred Meyer,Hill's Premium Double Smoked Thick Sliced Bacon,8.97,3 lbs,2.99 per lb,2024-05-24
Fred Meyer,Hill's Premium Double Smoked Thick Sliced Bacon,8.97,3 lbs,2.99 per lb,2024-10-01
Fred Meyer,Hill's Premium Double Smoked Thick Sliced Bacon,8.97,3 lbs,2.99 per lb,2025-04-01
Fred Meyer,Hill's Premium Double Smoked Thick Sliced Bacon,11.31,3 lbs,3.77 per lb,2023-10-01
Fred Meyer,Hill's Premium Double Smoked Thick Sliced Bacon,11.97,3 lbs,3.99 per lb,2023-06-01
Fred Meyer,Hill's Premium Double Smoked Thick Sliced Bacon,11.97,3 lbs,3.99 per lb,2024-01-01
Fred Meyer,Twizzlers,1.99,1,1.99 per unit,2023-06-01
Fred Meyer,Ben & Jerry's,2.99,1 carton (16 oz),2.99 per carton,2024-03-01
Fred Meyer,Ben & Jerry's,3.99,1 carton (16 oz),3.99 per carton,2024-11-01
Fred Meyer,Ghirardelli Chocolate Chips,3.49,1 bag (15 oz),3.49 per unit,2023-06-01
Fred Meyer,Shredded Cheese,1.29,1 bag (8 oz),1.29 per unit,2023-03-01
Fred Meyer,Shredded Cheese,1.79,1 bag (8 oz),1.79 per unit,2025-01-01
Fred Meyer,Shredded Cheese,2.49,1 bag (8 oz),2.49 per unit,2025-08-01
Fred Meyer,Shredded Cheese,2.49,1 bag (8 oz),2.49 per unit,2025-09-01
Fred Meyer,Whipped Cream - Reddi Wip,3,1 can (6.5 oz),3 per unit,2023-06-01
Fred Meyer,Haagen Daz,3.99,1 carton (14 oz),3.99 per carton,2023-06-01
Fred Meyer,Tortillas - Mission Taco,2,"1 package (10 ct, 17.5 oz)",2 per unit,2023-06-01
Fred Meyer,Tortillas - Mission Taco,2.99,"1 package (10 ct, 17.5 oz)",2.99 per unit,2023-09-01
Fred Meyer,Tortillas - Mission Taco,2.5,"1 package (10 ct, 17.5 oz)",2.50 per unit,2024-07-01
Fred Meyer,Broccoli,1.99,1 lb,1.99 per lb,2023-03-01
Fred Meyer,Broccoli,1.99,1 lb,1.99 per lb,2024-11-01
Fred Meyer,Broccoli,1.99,1 lb,1.99 per lb,2025-04-01
Fred Meyer,Broccoli,2.1,1 lb,2.10 per lb,2023-06-01
Fred Meyer,Broccoli,2.27,1 lb,2.27 per lb,2023-11-01
Fred Meyer,Red Onion,0.59,1 lb,0.59 per lb,2024-11-01
Fred Meyer,Red Onion,0.89,1 lb,0.89 per lb,2023-06-01
Fred Meyer,Red Onion,0.99,1 lb,0.99 per lb,2023-10-01
Fred Meyer,Red Onion,0.99,1 lb,0.99 per lb,2024-06-01
Fred Meyer,Red Onion,0.99,1 lb,0.99 per lb,2025-01-01
Fred Meyer,Red Onion,0.99,1 lb,0.99 per lb,2025-04-01
Fred Meyer,Yellow Onion,0.49,1 lb,0.49 per lb,2024-11-01
Fred Meyer,Yellow Onion,0.69,1 lb,0.69 per lb,2023-06-01
Fred Meyer,Yellow Onion,0.89,1 lb,0.89 per lb,2023-08-01
Fred Meyer,Yellow Onion,0.79,1 lb,0.79 per lb,2025-01-01
Fred Meyer,Yellow Onion,0.79,1 lb,0.79 per lb,2025-04-01
Fred Meyer,Yellow Onion,0.79,1 lb,0.79 per lb,2025-05-01
Fred Meyer,Yellow Onion,0.99,1 lb,0.99 per lb,2025-08-01
Fred Meyer,Red Bell Pepper,1.5,1 Pepper,1.50 per pepper,2023-06-01
Fred Meyer,Red Bell Pepper,1.5,1 Pepper,1.50 per pepper,2023-10-01
Fred Meyer,Red Bell Pepper,1.5,1 Pepper,1.50 per pepper,2025-06-01
Fred Meyer,Red Bell Pepper,1.5,1 Pepper,1.50 per pepper,2025-08-01
Fred Meyer,Red Bell Pepper,1.59,1 Pepper,1.59 per pepper,2024-05-01
Fred Meyer,Red Bell Pepper,1.59,1 Pepper,1.59 per pepper,2024-06-01
Fred Meyer,Red Bell Pepper,1.59,1 Pepper,1.59 per pepper,2024-11-01
Fred Meyer,Red Bell Pepper,1.59,1 Pepper,1.59 per pepper,2025-01-01
Fred Meyer,Red Bell Pepper,1.59,1 Pepper,1.59 per pepper,2025-05-01
Fred Meyer,Roma Tomatoes,0.99,1 lb,0.99 per lb,2024-03-01
Fred Meyer,Roma Tomatoes,1.29,1 lb,1.29 per lb,2023-06-01
Fred Meyer,Roma Tomatoes,1.29,1 lb,1.29 per lb,2025-04-01
Fred Meyer,Roma Tomatoes,1.29,1 lb,1.29 per lb,2025-08-01
Fred Meyer,Roma Tomatoes,1.49,1 lb,1.49 per lb,2024-11-01
Fred Meyer,Pork Chops,2.77,1 lb,2.77 per lb,2023-06-01
Fred Meyer,Eggs,2.79,1 dozen,2.79 per dozen,2023-11-01
Fred Meyer,Eggs,3.39,1 dozen,3.39 per dozen,2023-06-01
Fred Meyer,Eggs,4.49,1 dozen,4.49 per dozen,2024-11-01
Fred Meyer,Fred Meyer Cookies,2.99,1 package (decreased to 12ct from 16 ct),2.99 per unit,2023-05-01
Fred Meyer,Fred Meyer Cookies,3.99,1 package (decreased to 12ct from 16 ct),3.99 per unit,2024-02-01
Fred Meyer,Asparagus,1.4,1 lb,1.40 per lb,2023-06-01
Fred Meyer,Asparagus,1.79,1 lb,1.79 per lb,2024-06-01
Fred Meyer,Asparagus,1.79,1 lb,1.79 per lb,2024-07-01
Fred Meyer,Asparagus,1.99,1 lb,1.99 per lb,2025-05-01
Fred Meyer,Spinach,1.79,10 oz,1.79 per unit,2023-11-01
Fred Meyer,Spinach,2.29,10 oz,2.29 per unit,2023-03-01
Fred Meyer,Spinach,2.29,10 oz,2.29 per unit,2024-11-01
Fred Meyer,Spinach,2.29,10 oz,2.29 per unit,2025-08-01
Fred Meyer,Spinach,1.99,10 oz,1.99 per unit,2025-04-01
Fred Meyer,Green Bell Pepper,0.49,1 Pepper,0.49 per pepper,2024-11-01
Fred Meyer,Green Bell Pepper,0.79,1 Pepper,0.79 per pepper,2023-03-01
Fred Meyer,Green Bell Pepper,0.79,1 Pepper,0.79 per pepper,2023-10-01
Fred Meyer,Green Bell Pepper,0.89,1 Pepper,0.89 per pepper,2024-06-01
Fred Meyer,Pineapple,0.99,1 Pineapple,0.99 per pineapple,2023-11-01
Fred Meyer,Pineapple,1.5,1 Pineapple,1.50 per pineapple,2023-04-01
Fred Meyer,Pineapple,1.5,1 Pineapple,1.50 per pineapple,2025-04-01
Fred Meyer,Pineapple,2.99,1 Pineapple,2.99 per pineapple,2024-11-01
Fred Meyer,Pineapple,3.99,1 Pineapple,3.99 per pineapple,2024-01-01
Fred Meyer,Cuties - Clementines,2.99,1 bag (3 lbs),2.99 per unit,2023-03-01
Fred Meyer,Canned Corn / Peas - Del Monte,1,1 can (15 oz),1 per can,2023-03-01
Fred Meyer,Green Beans,1.99,1 lb,1.99 per lb,2023-11-01
Fred Meyer,Green Beans,1.99,1 lb,1.99 per lb,2023-03-01
Fred Meyer,Green Beans,1.99,1 lb,1.99 per lb,2024-01-01
Fred Meyer,Green Beans,2.29,1 lb,2.29 per lb,2023-08-01
Fred Meyer,Green Beans,2.69,1 lb,2.69 per lb,2024-02-01
Fred Meyer,Triscuits,1.99,1 box (8.5 oz),1.99 per unit,2023-11-01
Fred Meyer,Triscuits,2.49,1 box (8.5 oz),2.49 per unit,2022-11-01
Fred Meyer,Triscuits,2.79,1 box (8.5 oz),2.79 per unit,2023-03-01
Fred Meyer,Old Spice Deoderant,5.99,1 stick (3.0 oz),5.99 per unit,2023-07-01
Fred Meyer,Juanitas Chips,2.5,15 oz bag,2.5 per unit,2023-07-01
Fred Meyer,Certo Pectin,7.49,2 ct,7.49 per unit,2023-07-01
Fred Meyer,Mozzarella Cheese (Fresh),3.99,8 oz,3.99 per unit,2024-08-01
Fred Meyer,Mozzarella Cheese (Fresh),4.99,8 oz,4.99 per unit,2023-07-01
Fred Meyer,Fingerling Potatoes,1.99,1.5 lb,1.99 per unit,2024-01-01
Fred Meyer,Fingerling Potatoes,1.99,1.5 lb,1.99 per unit,2023-07-01
Fred Meyer,Fingerling Potatoes,2.74,1.5 lb,2.74 per unit,2023-07-01
Fred Meyer,Carrots,0.99,1 lb,0.99 per lb,2023-07-01
Fred Meyer,Carrots,0.99,1 lb,0.99 per lb,2023-09-01
Fred Meyer,Carrots,0.99,1 lb,0.99 per lb,2024-08-01
Fred Meyer,Peaches,1.3,1 lb,1.30 per lb,2023-07-01
Fred Meyer,Peaches,1.99,1 lb,1.99 per lb,2023-08-01
Fred Meyer,Sugar,7.29,10 lbs,7.29 per unit,2023-09-01
Fred Meyer,Sugar,7.48,10 lbs,7.48 per unit,2023-07-01
Fred Meyer,Shredded Cheese,4.99,32 oz,4.99 per unit,2023-08-01
Fred Meyer,Shredded Cheese,5.99,32 oz,5.99 per unit,2024-01-01
Fred Meyer,Ground Pork,0.99,1 lb,0.99 per lb,2023-08-01
Fred Meyer,Zucchini,1.49,1 lb,1.49 per lb,2023-08-01
Fred Meyer,Zucchini,1.49,1 lb,1.49 per lb,2023-09-01
Fred Meyer,Zucchini,1.49,1 lb,1.49 per lb,2024-08-01
Fred Meyer,Zucchini,1.49,1 lb,1.49 per lb,2025-04-01
Fred Meyer,Zucchini,1.49,1 lb,1.49 per lb,2025-05-01
Fred Meyer,Zucchini,1.79,1 lb,1.79 per lb,2024-01-01
Fred Meyer,Green Onion / Scallions,0.99,1 bundle,0.99 per bundle,2023-08-01
Fred Meyer,Green Onion / Scallions,0.99,1 bundle,0.99 per bundle,2023-09-01
Fred Meyer,Ginger,3.99,1 lb,3.99 per lb,2023-08-01
Fred Meyer,Ginger,3.99,1 lb,3.99 per lb,2023-09-01
Fred Meyer,Ginger,3.99,1 lb,3.99 per lb,2025-01-01
Fred Meyer,Cherries,1.99,1 lb,1.99 per lb,2023-08-01
Fred Meyer,Cherries,1.99,1 lb,1.99 per lb,2024-06-01
Fred Meyer,Cherries,3.99,1 lb,3.99 per lb,2025-06-01
Fred Meyer,Johnsonville Italian Sausage,4.77,19 oz,4.77 per unit,2023-08-01
Fred Meyer,Mozzarella Cheese - Galbani (Fresh),4.49,12 oz,4.49 per unit,2023-08-01
Fred Meyer,Eggs,1.49,18 eggs,1.49 per 18 eggs,2023-08-01
Fred Meyer,Balsamic Glaze,4.99,8.5 oz,4.99 per unit,2023-08-01
Fred Meyer,Avocado - Medium,1.29,1 Avocado,1.29 per avocado,2023-08-01
Fred Meyer,Fage Yogurt,6.49,35.3 oz,6.49 per unit,2023-08-01
Fred Meyer,Fage Yogurt,6.49,35.3 oz,6.49 per unit,2025-05-01
Fred Meyer,Jalapeno,1.49,1 lb,1.49 per lb,2023-08-01
Fred Meyer,Jalapeno,1.69,1 lb,1.69 per lb,2025-06-01
Fred Meyer,Cottage Cheese,2.39,24 oz,2.39 per unit,2023-08-01
Fred Meyer,Plums - Black,2.49,1 lb,2.49 per lb,2023-08-01
Fred Meyer,Plums - Black,2.49,1 lb,2.49 per lb,2023-09-01
Fred Meyer,Celery,1.29,1 lb,1.29 per lb,2024-08-01
Fred Meyer,Celery,1.69,1 lb,1.69 per lb,2023-08-01
Fred Meyer,Half & Half,1.99,1 pint,1.99 per unit,2023-08-01
Fred Meyer,Gnocchi,2.29,1 lb,2.29 per lb,2023-08-01
Fred Meyer,Sweet Onions,1.29,1 lb,1.29 per lb,2023-08-01
Fred Meyer,Nectarines,2.49,1 lb,2.49 per lb,2023-08-01
Fred Meyer,Meatballs - Italian,6.49,1 lb 10 oz ,6.49 per unit,2023-08-01
Fred Meyer,Garahm Crackers - Honey Maid,4.29,14.4 oz box,4.29 per unit,2023-08-01
Fred Meyer,Garlic,0.67,1 head,0.67 per head,2023-08-01
Fred Meyer,Garlic,0.67,1 head,0.67 per head,2023-09-01
Fred Meyer,Garlic,0.67,1 head,0.67 per head,2024-10-01
Fred Meyer,Garlic,0.67,1 head,0.67 per head,2024-11-01
Fred Meyer,Garlic,0.75,1 head,0.75 per head,2025-08-01
Fred Meyer,Garlic,0.99,1 head,0.99 per head,2025-12-01
Fred Meyer,Bacon - Kroger Thick Cut,6.99,1.5 lbs,4.66 per lb,2023-09-01
Fred Meyer,Mushrooms ,1.99,8 oz,1.99 per unit,2025-01-01
Fred Meyer,Mushrooms ,2.59,8 oz,2.59 per unit,2023-09-01
Fred Meyer,Mushrooms ,2.69,8 oz,2.69 per unit,2024-08-01
Fred Meyer,Shrimp - 26-30 ct - Fresh,6.99,1 lb,6.99 per lb,2023-09-01
Fred Meyer,Frosting - Pillsbury,1.67,16 oz,1.67 per unit,2023-09-01
Fred Meyer,White Wine Vinegar,3.79,16 oz,3.79 per unit,2023-09-01
Fred Meyer,Potatoes,2.69,5 lbs,2.69 per unit,2025-05-01
Fred Meyer,Potatoes,2.99,5 lbs,2.99 per unit,2023-10-01
Fred Meyer,Butter - Unsalted,2.99,1 lb,2.99 per lb,2023-10-01
Fred Meyer,Butter - Unsalted,2.99,1 lb,2.99 per lb,2024-01-01
Fred Meyer,Butter - Unsalted,4.59,1 lb,4.59 per lb,2024-11-01
Fred Meyer,Strawberry,1.99,1 lb,1.99 per lb,2023-10-01
Fred Meyer,Strawberry,1.99,1 lb,1.99 per lb,2025-01-01
Fred Meyer,Strawberry,2.5,1 lb,2.50 per lb,2024-07-01
Fred Meyer,Strawberry,2.5,1 lb,2.50 per lb,2024-08-01
Fred Meyer,Chicken Breast,1.99,1 lb,1.99 per lb,2023-10-01
Fred Meyer,Doritos Chips,2.99,14.5 oz,2.99 per unit,2023-10-01
Fred Meyer,Tostito's Chips,2.99,14.5 oz,2.99 per unit,2023-10-01
Fred Meyer,Oreos - Double Stuff Family Size,4.79,1 lb 2.71 oz,4.79 per unit,2023-10-01
Fred Meyer,Parmesan Cheese Block,5.99,8 oz,5.99 per unit,2023-10-01
Fred Meyer,Parmesan Cheese Block,5.99,8 oz,5.99 per unit,2023-11-01
Fred Meyer,Parmesan Cheese Block,5.99,8 oz,5.99 per unit,2024-08-01
Fred Meyer,Feta Cheese - Boars Head,5.99,8 oz,5.99 per unit,2023-10-01
Fred Meyer,Olives - Pearls,2,16 oz,2.00 per unit,2023-10-01
Fred Meyer,Cereal - Frosted Shredded Wheat - Kroger,2,18 oz,2.00 per unit,2023-10-01
Fred Meyer,Cereal - Frosted Shredded Wheat - Kroger,2.29,18 oz,2.29 per unit,2024-01-01
Fred Meyer,Bread - Kroger,2.99,24 oz Loaf,2.99 per loaf,2023-10-01
Fred Meyer,Graham Crackers - Honey Maid,4.99,1 box (14.4 oz),4.99 per unit,2023-11-01
Fred Meyer,Ellenos Yogurt,3.99,8 oz,3.99 per unit,2023-11-01
Fred Meyer,Raspberries,1.49,6 oz,1.49 per unit,2023-12-01
Fred Meyer,Raspberries,1.88,6 oz,1.88 per unit,2023-11-01
Fred Meyer,Raspberries,1.88,6 oz,1.88 per unit,2024-10-01
Fred Meyer,Raspberries,1.67,6 oz,1.67 per unit,2024-01-01
Fred Meyer,Raspberries,2.99,6 oz,2.99 per unit,2024-01-01
Fred Meyer,Raspberries,1.67,6 oz,1.67 per unit,2024-03-01
Fred Meyer,Raspberries,1.99,6 oz,1.99 per unit,2025-01-01
Fred Meyer,Cottage Cheese,2.19,16 oz,2.19 per unit,2023-11-01
Fred Meyer,Ham - Kroger Boneless Cooked,3.99,1 lb,3.99 per lb,2023-11-01
Fred Meyer,Heavy Cream,2.89,1 pint,2.89 per unit,2023-11-01
Fred Meyer,Canned Pumpkin - Libby's,2.5,15 oz ,2.50 per can,2023-11-01
Fred Meyer,Cream Cheese - Philadelphia,1.99,8 oz,1.99 per unit,2023-11-01
Fred Meyer,Oat Milk - Silk,2.99,64 oz,2.99 per unit,2023-11-01
Fred Meyer,Apple Cider - Washington Natural,2.99,89 oz,2.99 per unit,2023-12-01
Fred Meyer,Pasta - Barilla,1,1 lb,1 per lb,2023-12-01
Fred Meyer,Pasta - Barilla,1,1 lb,1 per lb,2025-01-01
Fred Meyer,Pasta - Barilla,1.5,1 lb,1.50 per lb,2025-08-01
Fred Meyer,Pork Loin,1.98,1 lb,1.98 per lb,2024-01-01
Fred Meyer,Toothpaste - Colgate,1,4 oz,1.00 per unit,2024-01-01
Fred Meyer,Toothpaste - Colgate,1,4 oz,1.00 per unit,2025-05-01
Fred Meyer,Toothpaste - Crest,0.99,4.2 oz,0.99 per unit,2024-01-01
Fred Meyer,Toothpaste - Crest,1.28,4.2 oz,1.28 per unit,2025-01-01
Fred Meyer,Kielbasa - Hillshire Farms,3.49,14 oz,3.49 per unit,2024-01-01
Fred Meyer,Crushed Tomatoes,0.79,15 oz,0.79 per can,2024-01-01
Fred Meyer,Au Jus Gravy Mix - Kroger,1,1 oz,1.00 per unit,2024-01-01
Fred Meyer,Ranch Dressing & Seasoning Mix Packet - Kroger,0.79,1 oz,0.79 per unit,2024-01-01
Fred Meyer,Beef Chuck Roast,4.97,1 lb,4.97 per lb,2024-01-01
Fred Meyer,Breakfast Sausage - Jimmy Dean,2,1 lb,2.00 per lb,2024-01-01
Fred Meyer,Breakfast Sausage - Jimmy Dean,2.99,1 lb,2.99 per lb,2024-03-01
Fred Meyer,Salmon - Sockeye - Wild Caught,8.24,1 lb,8.24 per lb,2024-01-01
Fred Meyer,Pretzels - Rold Gold,3.5,1 lb,3.5 per unit,2024-02-01
Fred Meyer,Butternut Squash,1.29,1 lb,1.29 per lb,2024-02-01
Fred Meyer,Sour Cream,1.39,8 oz,1.39 per unit,2024-03-01
Fred Meyer,Lemon - Large,0.99,1 lemon,0.99 per lemon,2024-03-01
Fred Meyer,Oatmilk - Planet Oat - Original,3.99,52 oz,3.99 per unit,2024-05-01
Fred Meyer,Nuun,7.99,10 tablets,7.99 per unit,2024-05-01
Fred Meyer,Nuun,7.99,10 tablets,7.99 per unit,2024-08-01
Fred Meyer,Schilling Cider,13.99,6 Cans,13.99 per unit,2024-05-01
Fred Meyer,Umpqua French Vanilla Ice Cream,4.49,56 oz,4.49 per unit,2024-07-01
Fred Meyer,Steak - Ribeye,5.99,1 lb,5.99 per lb,2024-07-01
Fred Meyer,English Muffins,1.79,6 English Muffins,1.79 per unit,2024-07-01
Fred Meyer,Brown Sugar,2.79,2 lbs,2.79 per unit,2024-07-01
Fred Meyer,Brown Sugar,2.79,2 lbs,2.79 per unit,2025-05-01
Fred Meyer,Hamburger Buns / Rolls,0.99,8 Buns,0.99 per unit,2024-07-01
Fred Meyer,Bread - Franz,4.49,1 loaf,4.49 per loaf,2024-07-01
Fred Meyer,Ice Cream - Fred Meyer Brand,2.49,48 oz,2.49 per unit,2024-08-01
Fred Meyer,Cauliflour,1.49,1 lb,1.49 per lb,2024-08-01
Fred Meyer,Eggplant,1.99,1 Eggplant,1.99 per eggplant,2024-10-01
Fred Meyer,Oat Milk - Planet Oat,3.79,52 oz,3.79 per unit,2024-11-01
Fred Meyer,Tomatoes - Cherubs,3.99,10 oz,3.99 per unit,2024-11-01
Fred Meyer,Tomatoes - Cherubs,3.99,10 oz,3.99 per unit,2025-04-01
Fred Meyer,Acorn Squash,1.25,1 Squash,1.25 per squash,2024-11-01
Fred Meyer,Cider - Cider & Spice - R.W. Knudsen,5.49,2.5 Liter,5.49 per unit,2024-12-01
Fred Meyer,Refried Beans - Rosarita,1.59,16 oz,1.59 per can,2025-01-01
Fred Meyer,Cilantro,0.79,1 bundle,0.79 per bundle,2025-01-01
Fred Meyer,Tortillas - Mission Burrito,6.99,16 Tortillas,3.50 per 16 tortillas,2025-01-01
Fred Meyer,Tupperware - Large Rectangular 9.5 cup,2.29,2 9.5 Cup Containers,2.29 per unit,2025-01-01
Fred Meyer,Chicken Thighs,3.79,1 lb,3.79 per lb,2025-01-01
Fred Meyer,93 / 7 Ground Beef,10.47,3 lbs,3.49 per lb,2025-01-01
Fred Meyer,93 / 7 Ground Beef,19.99,3 lbs,6.66 per lb,2025-05-01
Fred Meyer,93 / 7 Ground Beef,11.97,3 lbs,3.99 per lb,2025-06-01
Fred Meyer,93 / 7 Ground Beef,14.97,3 lbs,4.99 per lb,2025-12-01
Fred Meyer,Canned Green Beans - Del Monte,1,14.5 oz,1.00 per can,2025-01-01
Fred Meyer,Blueberries,2.99,18 oz,2.99 per unit,2025-01-01
Fred Meyer,Nutritional Yeast - Simple Truth,5.99,4.5 oz,5.99 per unit,2025-01-01
Fred Meyer,Pork Tenderloin,4.05,1 lb,4.05 per lb,2025-01-01
Fred Meyer,Kiwi,5.99,1 Package,5.99 per unit,2025-04-01
Fred Meyer,Sweet Potato,1.99,1 lb,1.99 per lb,2025-04-01
Fred Meyer,Diced Tomato - Canned,1,14.5 oz,1 per can,2025-04-01
Fred Meyer,Beef Bone Broth,3.99,4 cups,3.99 per unit,2025-05-01
Fred Meyer,Beef Bone Broth,3.99,4 cups,3.99 per unit,2025-12-01
Fred Meyer,Lime,0.99,1 lime,0.99 per lime,2025-05-01
Fred Meyer,Strawberry,4.99,2 lbs,4.99 per unit,2025-05-01
Fred Meyer,Salmon - Coho - Wild Caught,11.99,1 lb,11.99 per lb,2025-05-01
Fred Meyer,Honey,7.79,1.5 lbs,5.19 per lb,2025-05-01
Fred Meyer,Waterloo Sparkling Water,2.99,8 cans,2.99 per unit,2025-05-01
Fred Meyer,Pickles - Kroger Hot & Sweet Snackers,2.29,24 oz,2.29 per unit,2025-06-01
Fred Meyer,Pickles - Vlasic Ovals Hamburger Dill Pickles,4.79,32 oz,4.79 per unit,2025-06-01
Fred Meyer,Morton Salt,1.89,26 oz,1.89 per unit,2025-06-01
Fred Meyer,Pickles - Kroger Hamburger Dill Chips,4.59,46 oz,4.59 per unit,2025-08-01
Fred Meyer,Chicken Breast - Foster Farms,2.99,1 lb,2.99 per lb,2025-08-01
Fred Meyer,Tomato Paste,0.99,6 oz,0.99 per unit,2025-08-01
Fred Meyer,Garlic Paste,4.99,4 oz,4.99 per unit,2025-08-01
Fred Meyer,Ginger Paste,4.99,4 oz,4.99 per unit,2025-08-01
Fred Meyer,Cream Cheese - Kroger,2.19,8 oz,2.19 per unit,2025-08-01
Fred Meyer,Goat Cheese,10.49,8 oz,10.49 per unit,2025-09-01
Fred Meyer,Arugala,5,1 lb,5.00 per lb,2025-09-01
Fred Meyer,Sparkling Ice,1,17 oz,1.00 per unit,2025-09-01
Fred Meyer,Pasta - Kroger,1.25,1 lb,1.25 per lb,2025-09-01
Fred Meyer,Chocolate Chips - Nestle,5.49,12 oz,5.49 per unit,2025-09-01
Fred Meyer,Tomatoes - Cherubs,5.49,16.5 oz,5.49 per unit,2025-09-01
H Mart,Bok Choy,1.99,1 lb,1.99 per lb,2023-11-01
H Mart,Green Onion / Scallions,0.5,1 bundle,0.5 per bundle,2023-11-01
H Mart,Ribeye Bulgogi - Easy Dining,12.99,20.8 oz,12.99 per unit,2023-11-01
H Mart,Udon Noodles - Wan Hua,4.49,2 lbs,4.49 per unit,2023-11-01
H Mart,Napa Cabbage,0.98,1 lb,0.98 per lb,2023-11-01
H Mart,Gyoza / Pot Stickers / Dumplings - Kimchi & Pork,6.98,1.5 lbs,6.98 per unit,2023-11-01
H Mart,HonDashi - Aijnomoto,3.49,2.11 oz,3.49 per unit,2023-11-01
H Mart,Juice - Tangerine,2.28,1.5 Liter,2.28 per unit,2023-11-01
H Mart,Hojicha Tea - Ito En,4.98,2 Liter,4.98 per unit,2023-11-01
H Mart,Coconut Milk,1.28,13.5 oz,1.28 per unit,2023-11-01
H Mart,Sweet Chili Sauce - Mae Ploy,2.78,25 oz,2.78 per unit,2023-11-01
H Mart,Swiss Rolls - SK - Strawberry,4.98,1 package of 4,4.98 per unit,2023-11-01
QFC,Umpqua French Vanilla Ice Cream,7.99,1.5 qt,7.99 per unit,2023-07-01
QFC,Certo Pectin,8.49,2 ct,8.49 per unit,2023-07-01
QFC,Propane Tank,21.99,15 lbs,21.99 per unit,2024-07-01
QFC,Lemon - Large,1.25,1 Lemon,1.25 per lemon,2024-12-01
QFC,Spinach,2.49,10 oz,2.49 per unit,2025-09-01
QFC,Arugula,5,1 lb,5.00 per lb,2025-11-01
QFC,Milk,1.39,0.5 Gallon,1.39 per 0.5 Gallon,2025-11-01
QFC,Potatoes,2.99,5 lbs,2.99 per unit,2025-11-01
QFC,Asparagus,1.79,1 lb,1.79 per lb,2025-11-01
Safeway,Eggs,0.99,1 dozen,0.99 per dozen,2023-07-01
Safeway,Eggs,3.49,1 dozen,3.49 per dozen,2024-03-01
Safeway,Eggs,3.69,1 dozen,3.69 per dozen,2024-03-01
Safeway,Eggs,2.89,1 dozen,2.89 per dozen,2024-05-01
Safeway,Shrimp - 26-30 ct,13.98,2 lbs,6.99 per lb,2023-07-01
Safeway,Grapes,1.77,1 lb,1.77 per lb,2023-08-01
Safeway,Grapes,1.97,1 lb,1.97 per lb,2024-02-01
Safeway,Shredded Cheese,1.47,1 bag (8 oz),1.47 per unit,2023-08-01
Safeway,Shredded Cheese,2.49,1 bag (8 oz),2.49 per unit,2024-05-01
Safeway,Deli Meat - Ham,5,1 lb,5 per lb,2025-05-01
Safeway,Deli Meat - Ham,5.49,1 lb,5.49 per lb,2023-08-01
Safeway,Mozzarella Cheese - Primo Taglo,3.99,8 oz,3.99 per unit,2023-08-01
Safeway,Cookies - Pillsbury,3,1 9.1 oz Tray (20 cookies),3.00 per unit,2023-12-01
Safeway,Steak - Top Sirloin,5.5,1 lb,5.50 per lb per lb,2023-12-01
Safeway,Breakfast Sausage - Jimmy Dean,7.49,2 lbs,3.75 per lb,2023-12-01
Safeway,Shrimp - 16 to 20 count,7.94,2 lbs,3.97 per lb,2023-12-01
Safeway,Shrimp - 16 to 20 count,11.94,2 lbs,5.97 per lb,2024-02-01
Safeway,Shrimp - 16 to 20 count,10.74,2 lbs,5.37 per lb,2024-08-01
Safeway,Shrimp - 16 to 20 count,11.98,2 lbs,5.98 per lb,2025-03-01
Safeway,Shrimp - 16 to 20 count,11.98,2 lbs,5.98 per lb,2025-10-01
Safeway,Cuties - Clementines,2.77,3 lbs,2.77 per unit,2025-03-01
Safeway,Cuties - Clementines,3.99,3 lbs,3.99 per unit,2023-12-01
Safeway,Cuties - Clementines,3.99,3 lbs,2.77 per unit,2024-03-01
Safeway,Yellow Onion,0.99,1 lb,0.99 per lb,2025-12-01
Safeway,Yellow Onion,1.29,1 lb,1.29 per lb,2023-12-01
Safeway,Yellow Onion,1.69,1 lb,1.69 per lb,2025-05-01
Safeway,Avocado - Medium,0.99,1 Avocado,0.99 per avocado,2025-03-01
Safeway,Avocado - Medium,1.67,1 Avocado,1.67 per avocado,2023-12-01
Safeway,Mozzarella - Belgioioso - Fresh,5.99,1 lb,5.99 per lb,2023-12-01
Safeway,Smoked Gruyere - Red Apple Cheese,7.99,8 oz,7.99 per unit,2023-12-01
Safeway,Powdered Sugar,3,2 lbs,3.00 per unit,2023-12-01
Safeway,Cream Cheese - Philadelphia,3.99,8 oz,3.99 per unit,2023-12-01
Safeway,Icing Bags,3.99,15 ct,3.99 per unit,2023-12-01
Safeway,Garlic,0.79,1 head,0.79 per head,2024-02-01
Safeway,Garlic,0.79,1 head,0.79 per head,2024-03-01
Safeway,Garlic,0.79,1 head,0.79 per head,2024-05-01
Safeway,Garlic,0.79,1 head,0.79 per head,2024-06-01
Safeway,Garlic,1,1 head,1.00 per head,2025-05-01
Safeway,Steak - Sirloin,5.99,1 lb,5.99 per lb,2024-02-01
Safeway,Cream Cheese - Safeway,2,8 oz,2.00 per unit,2024-03-01
Safeway,Cream Cheese - Safeway,2,8 oz,2.00 per unit,2025-07-01
Safeway,Shredded Cheese,4.97,32 oz,4.97 per unit,2024-03-01
Safeway,Milk,2.15,0.5 Gallon,2.15 per 0.5 Gallon,2024-03-01
Safeway,Milk,1.27,0.5 Gallon,1.27 per 0.5 Gallon,2025-04-01
Safeway,Milk,1.27,0.5 Gallon,1.27 per 0.5 Gallon,2025-07-01
Safeway,Milk,1.5,0.5 Gallon,1.50 per 0.5 Gallon,2025-05-01
Safeway,Butter,2.49,1 lb,2.49 per lb,2024-03-01
Safeway,Ellenos Yogurt,2.24,7 oz,2.24 per unit,2024-03-01
Safeway,Corned Beef,2.99,1 lb,2.99 per lb,2024-03-01
Safeway,Mushrooms,3.29,8 oz,3.29 per unit,2024-03-01
Safeway,Broccoli,0.99,1 lb,0.99 per lb,2025-10-01
Safeway,Broccoli,1.65,1 lb,1.56 per lb,2024-03-01
Safeway,Broccoli,1.49,1 lb,1.49 per lb,2024-03-01
Safeway,Broccoli,1.49,1 lb,1.49 per lb,2024-05-01
Safeway,Broccoli,2.49,1 lb,2.49 per lb,2025-03-01
Safeway,Broccoli,2.49,1 lb,2.49 per lb,2025-07-01
Safeway,Broccoli,1.99,1 lb,1.99 per lb,2025-05-01
Safeway,Avocado - Large,0.97,1 Avocado,0.97 per avocado,2024-03-01
Safeway,Tomato - On the vine,0.97,1 lb,0.97 per lb,2024-03-01
Safeway,Tomato - On the vine,0.99,1 lb,0.99 per lb,2025-06-01
Safeway,Tomato - On the vine,0.99,1 lb,0.99 per lb,2025-10-01
Safeway,Ritz Crackers,2.47,13.7 oz,2.47 per unit,2024-03-01
Safeway,Cereal - Cocoa Puffs,2.99,18.1 oz,2.99 per unit,2024-03-01
Safeway,Lays Chips - Sour Cream & Onion,3.99,7.5 oz,3.99 per unit,2024-03-01
Safeway,Cheddar Ruffles Chips,3.49,12.5 oz,3.49 per unit,2024-05-01
Safeway,Cheddar Ruffles Chips,3.99,12.5 oz,3.99 per unit,2024-03-01
Safeway,Cheddar Ruffles Chips,4.49,12.5 oz,4.49 per unit,2024-04-01
Safeway,Hamburger Buns / Rolls,1.53,8 Buns,1.53 per unit,2024-03-01
Safeway,Tillamook Cheese Slices,2.47,8 oz,2.47 per unit,2024-03-01
Safeway,Pie - Marionberry,13.49,1 pie,13.49 per unit,2024-03-01
Safeway,Chobani Oat Milk - Plain,3.49,52 oz,3.49 per unit,2024-03-01
Safeway,80 / 20 Ground Beef,8.91,3 lbs,2.97 per lb,2024-03-01
Safeway,Asparagus,1.49,1 lb,1.49 per lb,2024-03-01
Safeway,Asparagus,1.49,1 lb,1.49 per lb,2024-05-01
Safeway,Tomato - Vine Ripe,2.99,1 lb,2.99 per lb,2024-03-01
Safeway,Green Beans,1.48,1 lb,1.48 per lb,2024-03-01
Safeway,Green Beans,2.99,1 lb,2.99 per lb,2024-04-01
Safeway,Pineapple,1.47,1 Pineapple,1.47 per pineapple,2024-03-01
Safeway,Triscuits,1.47,8.5 oz,1.47 per unit,2024-03-01
Safeway,Ham - Spiral Bone In,0.97,1 lb,0.97 per lb,2024-03-01
Safeway,Ham - Spiral Bone In,0.97,1 lb,0.97 per lb,2025-04-01
Safeway,Brussels Sprouts,0.99,1 lb,0.99 per lb,2025-12-01
Safeway,Brussels Sprouts,1.49,1 lb,1.49 per lb,2024-03-01
Safeway,Tuna Steak,13.99,1 lb,13.99 per lb,2024-03-01
Safeway,Breakfast Sausage - Johnsonville,3.49,10 oz,3.49 per unit,2024-03-01
Safeway,15 Bean Soup,3.99,15 oz,3.99 per unit,2024-04-01
Safeway,Eggs,3.69,18 eggs,3.69 per 18 eggs,2024-04-01
Safeway,Tortillas - Mission Taco,2,"1 package (10 ct, 17.5 oz)",2.00 per unit,2024-04-01
Safeway,Raspberries,1.77,6 oz,1.77 per unit,2024-05-01
Safeway,Raspberries,1.97,6 oz,1.97 per unit,2024-04-01
Safeway,Blueberries,1.77,6 oz,1.77 per unit,2024-05-01
Safeway,Blueberries,1.97,6 oz,1.97 per unit,2024-04-01
Safeway,Strawberry,1.77,1 lb,1.77 per lb,2024-05-01
Safeway,Strawberry,1.97,1 lb,1.97 per lb,2024-04-01
Safeway,Strawberry,1.97,1 lb,1.97 per lb,2025-04-01
Safeway,Half & Half,2.29,1 pint,2.29 per unit,2024-05-01
Safeway,White Onion,1.99,1 lb,1.99 per lb,2024-05-01
Safeway,Shrimp - 31-40 Ct,11.94,2 lbs,5.97 per lb,2024-06-01
Safeway,Peaches,1.26,1 lb,1.26 per lb,2024-06-01
Safeway,Steak - Top Sirloin,6.99,1 lb,6.99 per lb,2024-08-01
Safeway,Cauliflour,0.99,1 lb,0.99 per lb,2025-10-01
Safeway,Cauliflour,0.99,1 lb,0.99 per lb,2025-12-01
Safeway,Cauliflour,1.28,1 lb,1.28 per lb,2025-03-01
Safeway,Zucchini,2.49,1 lb,2.49 per lb,2025-03-01
Safeway,Butternut Squash,1.99,1 lb,1.99 per lb,2025-03-01
Safeway,90 / 10 Ground Beef,4.24,1 lb,4.24 per lb,2025-04-01
Safeway,Balsamic Vinegar - Pompei,5.49,16 oz,5.49 per unit,2025-05-01
Safeway,Cream Cheese - Lucerne,1.99,8 oz,1.99 per unit,2025-05-01
Safeway,Red Bell Pepper,1,1 Pepper,1 per pepper,2025-05-01
Safeway,English Muffins - Franz,2.59,6 English Muffins,2.59 per unit,2025-05-01
Safeway,Sweet Potato,2.29,1 lb,2.29 per lb,2025-05-01
Safeway,Tomatoes - Cherubs,3.34,10 oz,3.34 per unit,2025-05-01
Safeway,Parmesan Cheese Block - Belioioso,7.99,8 oz,7.99 per unit,2025-05-01
Safeway,Parmesan Cheese Block - Belioioso,7.99,8 oz,7.99 per unit,2025-07-01
Safeway,Lacroix,3.34,8 cans,3.34 per unit,2025-07-01
Safeway,Lemon Juice - Real Lemon,2.5,15 oz,2.50 per unit,2025-07-01
Safeway,Pasta - Signature Select,1.67,12 oz,1.67 per unit,2025-07-01
Safeway,Poppi,1.67,12 oz,1.67 per unit,2025-07-01
Safeway,English Cucumber,1.69,1 cucumber,1.69 per cucumber,2025-10-01
Safeway,Spinach,2.49,8 oz,2.49 per unit,2025-10-01
Safeway,Lemon - Large,0.99,1 Lemon,0.99 per lemon,2025-10-01
Safeway,Fage Yogurt,7.99,35.3 oz,7.99 per unit,2025-10-01
Safeway,Tomatoes - Cherubs,5.99,16.5 oz,5.99 per unit,2025-10-01
Safeway,Tomatoes - Cherubs,5.99,16.5 oz,5.99 per unit,2025-12-01
Safeway,Steelhead Trout,11.99,1 lb,11.99 per lb,2025-10-01
Safeway,Red Onion,1.69,1 lb,1.69 per lb,2025-10-01
Safeway,Cilantro,1.49,1 bundle,1.49 per bundle,2025-10-01
Safeway,Potatoes,1.97,10 lbs,1.97 per unit,2025-12-01
Safeway,Cranberries,1.97,12 oz,1.97 per unit,2025-12-01
Safeway,Celery,2.49,1 bundle,2.49 per bundle,2025-12-01
Safeway,Schilling Cider,13.99,6 Pack,13.99 per unit,2025-12-01
Target,Dove + Men Body Wash,6.99,18 oz,6.99 per unit,2023-07-01
Target,Head & Shoulders,11.49,28.2 oz,11.49 per unit,2024-01-01
Target,Nerds Gummy Clusters,2.19,5 oz,2.19 per unit,2024-12-01
Trader Joe's,Garlic,0.49,1 Head,0.49 per head,2023-07-01
Trader Joe's,Balsamic Vinegar,2.49,17 oz,2.49 per unit,2023-07-01
Trader Joe's,Pasta,0.99,1 lb,0.99 per lb,2023-07-01
Trader Joe's,Mozzarella Cheese,3.99,8 oz,3.99 per unit,2024-03-01
Trader Joe's,Sparkling Water,3.49,8 cans,3.49 per unit,2024-04-01
Trader Joe's,Sparkling Water,3.49,8 cans,3.49 per unit,2025-01-01
Trader Joe's,Sparkling Water,3.49,8 cans,3.49 per unit,2025-05-01
Trader Joe's,Grapes - Honey Pearls,7.99,2 lbs,7.99 per unit,2024-04-01
Trader Joe's,Brown Butter Salted Caramel Mini Biscotti,4.99,9 oz,4.99 per unit,2024-04-01
Trader Joe's,Mandarin Orange Chicken,4.99,22 oz,4.99 per unit,2024-05-01
Trader Joe's,Grapes - Honey Pearls,7.99,2 liter,6.99 per unit,2025-05-01
Trader Joe's,Grapes - Honey Pearls,7.99,2 liter,6.99 per unit,2024-05-01
Trader Joe's,Limeade - Sparkling French,3.69,1 liter,3.69 per unit,2024-05-01
Trader Joe's,Super Sour Scandinavian Swimmers,3.49,14 oz,3.49 per unit,2024-05-01
Trader Joe's,Sparkling Water,3.49,8 Cans,3.49 per unit,2024-05-01
Trader Joe's,Lemonade - Strawberry,3.99,1 Container,3.99 per unit,2024-08-01
Trader Joe's,Basil,3.99,1 Basil Plant,3.99 per unit,2024-08-01
Trader Joe's,Blueberries,7.99,2 lbs,3.98 per unit,2025-05-01
Trader Joe's,Mango Smoothie,2.99,1 pt,2.99 per unit,2025-05-01
Trader Joe's,Orange Juice - Fresh Squeezed,2.99,1 pt,2.99 per unit,2025-05-01
Trader Joe's,Triple Ginger Snaps,4.79,14 oz,4.79 per unit,2025-05-01
Trader Joe's,Peanut Butter Cups - Dark,5.99,1 lb,5.99 per unit,2025-05-01
Trader Joe's,Carrots,0.99,1 lb,0.99 per lb,2025-11-01
Uwajimaya,Ginger,5.49,1 lb,5.49 per lb,2023-08-01
Uwajimaya,Napa Cabbage,1.79,1 lb,1.79 per lb,2023-08-01
Uwajimaya,Mushrooms - Shiitake,16.99,1 lb,16.99 per lb,2023-08-01
Uwajimaya,Yu Choy,5.49,1 lb,5.49 per lb,2023-08-01
Uwajimaya,Sesame Oil,11.49,22.12 oz,11.49 per unit,2023-09-01
Uwajimaya,Avocado - Medium,2.79,1 Avocado,2.79 per avocado,2023-09-01
Uwajimaya,Cilantro,0.99,1 bundle,0.99 per bundle,2023-09-01
Uwajimaya,English Cucumber,3.79,1 cucumber,3.79 per cucumber,2023-09-01
Uwajimaya,Mochi Ice Cream,4.99,6 Mochi,4.99 per unit,2023-09-01
Uwajimaya,Ice Cream - Mango Bar,3.99,1 bar,3.99 per unit,2023-09-01
Uwajimaya,Edamame - shelled,2.49,1 lb,2.49 per lb,2023-09-01
Uwajimaya,Royal Milk Tea,1.89,265 ml,1.89 per unit,2024-04-01
Uwajimaya,Jumbo Combo,12.95,Jumbo Combo,12.95 per unit,2024-04-01
Whole Foods,Eggs,4.49,1 dozen,4.49 per dozen,2023-11-01
Whole Foods,Orange Juice,3.15,52 fl oz,3.15 per unit,2023-11-01
Whole Foods,Avocado - Large,2,1 Avocado,2.00 per avocado,2023-11-01
Whole Foods,Orange - Navel,1.99,1 lb,1.99 per lb,2023-11-01
Whole Foods,Yogurt - Ellenos,4.29,8 oz,4.29 per unit,2023-11-01
Whole Foods,Yellow Onion,1.89,1 lb,1.89 per lb,2023-11-01
Whole Foods,Roma Tomatoes,1.29,1 lb,1.29 per lb,2023-11-01
Whole Foods,Rhubarb,4.99,1 lb,4.99 per lb,2024-05-01
Winco,Chicken Broth,0.98,1 carton (4 cups),0.98 per unit,2023-12-01
Winco,Chicken Broth,1.37,1 carton (4 cups),1.37 per unit,2023-07-01
Winco,Chicken Broth,1.28,1 carton (4 cups),1.28 per unit,2024-01-01
Winco,Chicken Broth,1.28,1 carton (4 cups),1.28 per unit,2024-10-01
Winco,Chicken Broth,1.28,1 carton (4 cups),1.28 per unit,2025-02-01
Winco,Chicken Broth,1.28,1 carton (4 cups),1.28 per unit,2025-03-01
Winco,Chicken Broth,1.28,1 carton (4 cups),1.28 per unit,2025-10-01
Winco,Chicken Broth,1.52,1 carton (4 cups),1.52 per unit,2024-01-01
Winco,Chicken Broth,1.52,1 carton (4 cups),1.52 per unit,2024-05-01
Winco,Chicken Broth,1.52,1 carton (4 cups),1.52 per unit,2024-08-01
Winco,Chicken Broth,1.5,1 carton (4 cups),1.50 per unit,2025-09-01
Winco,Roma Tomatoes,0.98,1 lb,0.98 per lb,2023-07-01
Winco,Roma Tomatoes,0.98,1 lb,0.98 per lb,2023-11-01
Winco,Roma Tomatoes,0.98,1 lb,0.98 per lb,2023-12-01
Winco,Roma Tomatoes,0.98,1 lb,0.98 per lb,2024-10-01
Winco,Roma Tomatoes,0.98,1 lb,0.98 per lb,2025-10-01
Winco,Roma Tomatoes,1.28,1 lb,1.28 per lb,2024-01-01
Winco,Roma Tomatoes,1.28,1 lb,1.28 per lb,2024-05-01
Winco,Roma Tomatoes,1.28,1 lb,1.28 per lb,2025-01-01
Winco,Roma Tomatoes,1.28,1 lb,1.28 per lb,2025-05-01
Winco,Spinach,2.28,10 oz,2.28 per unit,2023-07-01
Winco,Spinach,2.28,10 oz,2.28 per unit,2023-12-01
Winco,Spinach,2.28,10 oz,2.28 per unit,2024-01-01
Winco,Spinach,2.28,10 oz,2.28 per unit,2024-05-01
Winco,Spinach,2.28,10 oz,2.28 per unit,2024-08-01
Winco,Spinach,2.28,10 oz,2.28 per unit,2024-10-01
Winco,Spinach,2.28,10 oz,2.28 per unit,2025-02-01
Winco,Spinach,2.28,10 oz,2.28 per unit,2025-05-01
Winco,Spinach,2.28,10 oz,2.28 per unit,2025-09-01
Winco,Spinach,2.28,10 oz,2.28 per unit,2025-10-01
Winco,Spinach,2.28,10 oz,2.28 per unit,2025-12-01
Winco,Cream Cheese - Philadelphia,2.28,8 oz,2.28 per unit,2023-12-01
Winco,Cream Cheese - Philadelphia,3.68,8 oz,3.68 per unit,2023-07-01
Winco,Cream Cheese - Philadelphia,2.98,8 oz,2.98 per unit,2025-09-01
Winco,Chorizo - El Mexicano,1.28,9 oz,1.28 per unit,2023-07-01
Winco,Chorizo - El Mexicano,1.37,9 oz,1.37 per unit,2024-01-01
Winco,Yellow Onion,0.38,1 lb,0.38 per lb,2023-07-01
Winco,Yellow Onion,0.78,1 lb,0.78 per lb,2023-07-01
Winco,Yellow Onion,0.64,1 lb,0.64 per lb,2024-01-01
Winco,Yellow Onion,0.61,1 lb,0.61 per lb,2024-01-01
Winco,Yellow Onion,0.64,1 lb,0.64 per lb,2024-03-01
Winco,Yellow Onion,0.64,1 lb,0.64 per lb,2024-05-01
Winco,Yellow Onion,0.68,1 lb,0.68 per lb,2024-08-01
Winco,Yellow Onion,0.68,1 lb,0.68 per lb,2025-02-01
Winco,Yellow Onion,0.48,1 lb,0.48 per lb,2024-10-01
Winco,Yellow Onion,0.48,1 lb,0.48 per lb,2025-01-01
Winco,Yellow Onion,0.58,1 lb,0.58 per lb,2025-01-01
Winco,Yellow Onion,0.58,1 lb,0.58 per lb,2025-09-01
Winco,Yellow Onion,0.54,1 lb,0.54 per lb,2025-12-01
Winco,Eggs,2.38,18 eggs,2.38 per 18 eggs,2023-07-01
Winco,Eggs,2.48,18 eggs,2.48 per 18 eggs,2023-09-01
Winco,Eggs,3.48,18 eggs,3.48 per 18 eggs,2023-12-01
Winco,Eggs,4.14,18 eggs,4.14 per 18 eggs,2024-01-01
Winco,Eggs,4.32,18 eggs,4.32 per 18 eggs,2024-01-01
Winco,Blueberries,1.98,18 oz,1.98 per unit,2023-07-01
Winco,Blueberries,2.98,18 oz,2.98 per unit,2024-08-01
Winco,Blueberries,3.98,18 oz,3.98 per unit,2025-01-01
Winco,Lemon - Large,0.78,1 lemon,0.78 per lemon,2023-07-01
Winco,Lemon - Large,0.88,1 lemon,0.88 per lemon,2023-12-01
Winco,Lemon - Large,0.78,1 lemon,0.78 per lemon,2024-03-01
Winco,Shredded Cheese,5.48,32 oz,5.48 per unit,2024-08-01
Winco,Shredded Cheese,6.98,32 oz,6.98 per unit,2023-06-01
Winco,Shredded Cheese,6.98,32 oz,6.98 per unit,2023-11-01
Winco,Shredded Cheese,6.98,32 oz,6.98 per unit,2025-05-01
Winco,Shredded Cheese,5.98,32 oz,5.98 per unit,2025-09-01
Winco,Shredded Cheese,5.98,32 oz,5.98 per unit,2025-10-01
Winco,Ken's Salad Dressing,2.98,16 oz bottle,2.98 per unit,2023-06-01
Winco,Ken's Salad Dressing,2.98,16 oz bottle,2.98 per unit,2023-09-01
Winco,Ken's Salad Dressing,2.98,16 oz bottle,2.98 per unit,2024-10-01
Winco,Ken's Salad Dressing,2.98,16 oz bottle,2.98 per unit,2025-03-01
Winco,Garlic,0.68,1 head,0.68 per head,2023-06-01
Winco,Garlic,0.68,1 head,0.68 per head,2024-01-01
Winco,Garlic,0.68,1 head,0.68 per head,2024-03-01
Winco,Garlic,0.68,1 head,0.68 per head,2024-05-01
Winco,Garlic,0.68,1 head,0.68 per head,2025-10-01
Winco,Cauliflour,0.98,1 lb,0.98 per lb,2023-06-01
Winco,Cauliflour,0.98,1 lb,0.98 per lb,2024-06-01
Winco,Cauliflour,0.98,1 lb,0.98 per lb,2025-02-01
Winco,Salt,1.43,26 oz Container,1.43 per unit,2023-06-01
Winco,Salt,1.67,26 oz Container,1.67 per unit,2025-10-01
Winco,Apple - Cosmic Crisp,0.98,1 lb,0.98 per lb,2023-06-01
Winco,Apple - Cosmic Crisp,0.98,1 lb,0.98 per lb,2025-03-01
Winco,Apple - Cosmic Crisp,1.28,1 lb,1.28 per lb,2024-03-01
Winco,Carrots,1.44,2 lbs,0.72 per lb,2024-01-01
Winco,Carrots,1.48,2 lbs,0.74 per lb,2023-06-01
Winco,Carrots,1.48,2 lbs,0.74 per lb,2023-09-01
Winco,Carrots,1.48,2 lbs,0.74 per lb,2023-10-01
Winco,Carrots,1.48,2 lbs,0.74 per lb,2024-01-01
Winco,Carrots,1.68,2 lbs,0.84 per lb,2024-03-01
Winco,Carrots,1.68,2 lbs,0.84 per lb,2024-05-01
Winco,Carrots,1.68,2 lbs,0.84 per lb,2024-10-01
Winco,Carrots,1.88,2 lbs,0.94 per lb,2025-12-01
Winco,Cabbage,0.73,1 lb,0.73 per lb,2024-03-01
Winco,Cabbage,0.88,1 lb,0.88 per lb,2023-06-01
Winco,Cabbage,0.78,1 lb,0.78 per lb,2024-05-01
Winco,Jalapeno,1.48,1 lb,1.48 per lb,2023-06-01
Winco,Jalapeno,1.48,1 lb,1.48 per lb,2024-03-01
Winco,Jalapeno,1.48,1 lb,1.48 per lb,2024-05-01
Winco,Jalapeno,1.6,1 lb,1.60 per lb,2023-12-01
Winco,Jalapeno,1.58,1 lb,1.58 per lb,2024-05-01
Winco,Strawberry,0.98,1 lb,0.98 per lb,2023-06-01
Winco,Strawberry,2.48,1 lb,2.48 per lb,2023-03-01
Winco,Strawberry,1.28,1 lb,1.28 per lb,2024-05-01
Winco,Strawberry,1.28,1 lb,1.28 per lb,2024-06-01
Winco,Avocado - Medium,0.58,1 Avocado,0.58 per avocado,2025-01-01
Winco,Avocado - Medium,0.68,1 Avocado,0.68 per avocado,2023-06-01
Winco,Avocado - Medium,0.68,1 Avocado,0.68 per avocado,2024-01-01
Winco,Avocado - Medium,0.7,1 Avocado,0.70 per avocado,2025-01-01
Winco,Avocado - Medium,0.7,1 Avocado,0.70 per avocado,2025-03-01
Winco,Broccoli,0.99,1 lb,0.99 per lb,2024-01-01
Winco,Broccoli,1.48,1 lb,1.48 per lb,2024-01-01
Winco,Broccoli,1.48,1 lb,1.48 per lb,2025-01-01
Winco,Broccoli,1.48,1 lb,1.48 per lb,2025-02-01
Winco,Broccoli,1.48,1 lb,1.48 per lb,2025-05-01
Winco,Broccoli,1.78,1 lb,1.78 per lb,2023-08-01
Winco,Broccoli,1.78,1 lb,1.78 per lb,2024-10-01
Winco,Broccoli,1.78,1 lb,1.78 per lb,2023-09-01
Winco,Broccoli,1.68,1 lb,1.68 per lb,2024-05-01
Winco,Broccoli,1.74,1 lb,1.74 per lb,2024-08-01
Winco,Broccoli,1.97,1 lb,1.97 per lb,2025-12-01
Winco,409 Cleaner,6.31,64 oz,6.31 per unit,2023-09-01
Winco,Oatmeal - Quick 1 minute oats,4.48,42 oz,4.48 per unit,2024-08-01
Winco,Oatmeal - Quick 1 minute oats,4.48,42 oz,4.48 per unit,2025-09-01
Winco,Oatmeal - Quick 1 minute oats,5.68,42 oz,5.68 per unit,2023-09-01
Winco,Queso Fresco - El Mexicano,2.86,10 oz,2.86 per unit,2025-03-01
Winco,Queso Fresco - El Mexicano,2.98,10 oz,2.98 per unit,2023-09-01
Winco,Queso Fresco - El Mexicano,2.98,10 oz,2.98 per unit,2024-01-01
Winco,Almond Milk - Almond Breeze,3.38,0.5 Gallon,3.38 per unit,2023-09-01
Winco,Kale,3.98,16 oz,3.98 per unit,2023-09-01
Winco,Kale,3.98,16 oz,3.98 per unit,2024-03-01
Winco,Kale,3.98,16 oz,3.98 per unit,2024-08-01
Winco,Chia Seeds,1.47,1 lb,1.47 per lb,2023-09-01
Winco,Chia Seeds,3.28,1 lb,3.28 per lb,2025-08-01
Winco,Spreadable Butter - Land O Lakes,3.98,13 oz,3.98 per unit,2023-09-01
Winco,Spreadable Butter - Land O Lakes,4.96,13 oz,4.96 per unit,2024-08-01
Winco,Spreadable Butter - Land O Lakes,4.48,13 oz,4.48 per unit,2025-05-01
Winco,Refried Beans - Rosarita,1.25,16 oz,1.25 per can,2023-09-01
Winco,Andouill Sausage - Johnsonville,3.48,13.5 oz,3.48 per unit,2023-09-01
Winco,Bread - Franz,2.78,1 loaf,2.78 per loaf,2023-09-01
Winco,Bread - Franz,2.78,1 loaf,2.78 per loaf,2025-09-01
Winco,Bread - Franz,3.98,1 loaf,3.98 per loaf,2024-05-01
Winco,Bread - Franz,3.48,1 loaf,2.48 per loaf,2024-08-01
Winco,Bread - Franz,2.98,1 loaf,2.98 per loaf,2025-12-01
Winco,Bok Choy,2.98,1 lb,2.98 per lb,2023-09-01
Winco,Bok Choy,2.98,1 lb,2.98 per lb,2024-05-01
Winco,Red Onion,0.84,1 lb,0.84 per lb,2024-05-01
Winco,Red Onion,0.84,1 lb,0.84 per lb,2024-05-01
Winco,Red Onion,0.98,1 lb,0.98 per lb,2023-09-01
Winco,Red Onion,0.98,1 lb,0.98 per lb,2023-12-01
Winco,Red Onion,0.88,1 lb,0.88 per lb,2025-02-01
Winco,Red Onion,0.88,1 lb,0.88 per lb,2025-12-01
Winco,Red Onion,0.94,1 lb,0.94 per lb,Oc 2025
Winco,Alfredo - Prego,2.48,14.5 oz,2.48 per unit,2023-09-01
Winco,Alfredo - Ragu,2.17,16 oz,2.17 per unit,2023-09-01
Winco,Potatoes,2.28,5 lbs,2.28 per unit,2023-09-01
Winco,Potatoes,2.28,5 lbs,2.28 per unit,2024-01-01
Winco,Potatoes,2.48,5 lbs,2.48 per unit,2025-01-01
Winco,Parsnips,2.28,1 lb,2.28 per lb,2023-09-01
Winco,Juanitas Chips,2.98,24 oz,2.98 per unit,2023-09-01
Winco,Apple - Granny Smith,0.98,1 lb,0.98 per lb,2023-10-01
Winco,Apple - Granny Smith,0.98,1 lb,0.98 per lb,2024-01-01
Winco,Apple - Pink,0.88,1 lb,0.88 per lb,2025-05-01
Winco,Apple - Pink,1.28,1 lb,1.28 per lb,2023-10-01
Winco,Zucchini,0.98,1 lb,0.98 per lb,2023-10-01
Winco,Zucchini,1.28,1 lb,1.28 per lb,2023-12-01
Winco,Zucchini,1.68,1 lb,1.68 per lb,2024-05-01
Winco,Zucchini,1.48,1 lb,1.48 per lb,2024-06-01
Winco,Zucchini,1.48,1 lb,1.48 per lb,2025-01-01
Winco,Salad Dressing - Good Seasons Italian Packets,5.08,6 packets,5.08 per unit,2023-10-01
Winco,Hill's Premium Double Smoked Thick Sliced Bacon,15.98,3 lbs,5.33 per lb,2023-10-01
Winco,Sugar,7.38,10 lbs,7.38 per unit,2024-10-01
Winco,Sugar,8.16,10 lbs,8.16 per unit,2023-10-01
Winco,Cereal - Frosted Shredded Wheat - Winco,1.98,18 oz,1.98 per unit,2023-10-01
Winco,Brown Sugar,1.92,2 lbs,1.92 per unit,2025-09-01
Winco,Brown Sugar,1.98,2 lbs,1.98 per unit,2023-10-01
Winco,Apple - Gala,0.68,1 lb,0.68 per lb,2023-10-01
Winco,Shredded Cheese,1.83,1 bag (8 oz),1.83 per unit,2025-10-01
Winco,Shredded Cheese,1.98,1 bag (8 oz),1.98 per unit,2023-10-01
Winco,Shredded Cheese,1.98,1 bag (8 oz),1.98 per unit,2024-01-01
Winco,Shredded Cheese,1.98,1 bag (8 oz),1.98 per unit,2025-09-01
Winco,Shredded Cheese,2.78,1 bag (8 oz),2.78 per unit,2024-06-01
Winco,Shredded Cheese,1.87,1 bag (8 oz),1.87 per unit,2025-10-01
Winco,Asparagus,0.99,1 lb,0.99 per lb,2023-03-01
Winco,Asparagus,1.98,1 lb,1.98 per lb,2023-10-01
Winco,Asparagus,1.98,1 lb,1.98 per lb,2025-02-01
Winco,Heavy Cream,2.78,1 pint,2.78 per unit,2023-10-01
Winco,Heavy Cream,2.78,1 pint,2.78 per unit,2024-01-01
Winco,Heavy Cream,3.37,1 pint,3.37 per unit,2025-01-01
Winco,Shrimp - Medium,5.98,1 lb,5.98 per lb,2023-11-01
Winco,Shrimp - Medium,6.48,1 lb,6.48 per lb,2025-09-01
Winco,Frozen Peas,2.48,2 lbs,1.24 per lb,2023-11-01
Winco,Eggs,1.52,1 dozen,1.52 per dozen,2023-11-01
Winco,Eggs,2.88,1 dozen,2.88 per dozen,2024-05-01
Winco,Eggs,2.28,1 dozen,2.28 per dozen,2024-05-01
Winco,Morton Salt,1.46,26 oz,1.46 per unit,2023-11-01
Winco,Umpqua French Vanilla Ice Cream,3.98,1.5 Qt,3.98 per unit,2023-11-01
Winco,Umpqua French Vanilla Ice Cream,4.84,1.5 Qt,4.84 per unit,2024-10-01
Winco,Noodles - Egg,1.49,1 lb,1.49 per lb,2023-12-01
Winco,Noodles - Egg,1.49,1 lb,1.49 per lb,2024-01-01
Winco,Pretzels - Rold Gold,2.48,1 lb,2.48 per lb,2023-12-01
Winco,Pretzels - Rold Gold,2.48,1 lb,2.48 per lb,2024-12-01
Winco,Pretzels - Rold Gold,3.62,1 lb,3.62 per lb,2024-03-01
Winco,Pretzels - Rold Gold,3.62,1 lb,3.62 per lb,2024-08-01
Winco,Pretzels - Rold Gold,3.62,1 lb,3.62 per lb,2025-09-01
Winco,Almond Extract,2.78,2 oz,2.78 per unit,2023-12-01
Winco,Buttermilk - Darigold,1.88,1 Qt,1.88 per unit,2023-12-01
Winco,Chocolate Chips - Nestle,2.78,12 oz,2.78 per unit,2023-12-01
Winco,Coconut - Shredded - Bakers,2.78,14 oz,2.78 per unit,2023-12-01
Winco,Coconut - Shredded - Bakers,2.78,14 oz,2.78 per unit,2024-03-01
Winco,Baking Cups - Reynolds,0.68,50 cups,0.68 per unit,2023-12-01
Winco,Baking Cups - Foil - Reynolds,1.18,32 cups,1.18 per unit,2023-12-01
Winco,Butternut Squash,0.78,1 lb,0.78 per lb,2025-12-01
Winco,Butternut Squash,0.98,1 lb,0.98 per lb,2024-01-01
Winco,Butternut Squash,0.88,1 lb,0.88 per lb,2025-02-01
Winco,Johnsonville Italian Sausage,3.98,1 lb,3.98 per lb,2024-05-01
Winco,Johnsonville Italian Sausage,4.18,1 lb,4.18 per lb,2024-01-01
Winco,Fage Yogurt,5.79,35.3 oz,5.79 per unit,2024-01-01
Winco,Banana,0.58,1 lb,0.58 per lb,2024-01-01
Winco,Tortillas - Mission Taco,3.58,20 Ct,1.79 per unit,2024-01-01
Winco,Tortillas - Mission Taco,3.98,20 Ct,1.99 per unit,2024-06-01
Winco,Pear - Bosc,1.28,1 lb,1.28 per lb,2024-01-01
Winco,Pork Chops,2.48,1 lb,2.48 per lb,2025-10-01
Winco,Pork Chops,2.67,1 lb,2.67 per lb,2024-01-01
Winco,Pork Chops,2.99,1 lb,2.99 per lb,2024-10-01
Winco,Green Onion / Scallions,0.88,1 bundle,0.88 per bundle,2024-01-01
Winco,Green Onion / Scallions,1.07,1 bundle,1.07 per bundle,2025-12-01
Winco,Grapes - Red,2.68,1 lb,2.68 per lb,2024-01-01
Winco,Orange / Yellow Bell Pepper,0.98,1 pepper,0.98 per pepper,2024-05-01
Winco,Orange / Yellow Bell Pepper,0.98,1 pepper,0.98 per pepper,2024-10-01
Winco,Orange / Yellow Bell Pepper,0.98,1 pepper,0.98 per pepper,2025-01-01
Winco,Orange / Yellow Bell Pepper,0.98,1 pepper,0.98 per pepper,2025-12-01
Winco,Orange / Yellow Bell Pepper,1.48,1 pepper,1.48 per pepper,2024-01-01
Winco,Oatmeal - Quacker Packets,3.23,"12.1 oz, 8 packets",3.23 per unit,2024-01-01
Winco,Alfredo - Classico,2.48,15 oz,2.48 per unit,2024-01-01
Winco,Rice Vinegar,2.23,20 oz,2.23 per unit,2024-01-01
Winco,Cous Cous - Israeli,1.88,1 lb,1.88 per lb,2024-01-01
Winco,Soda - Mountain Dew,1.98,2 liter,1.98 per unit,2024-01-01
Winco,Oreos - Double Stuff Family Size,3.98,1 lb 2.71 oz,3.98 per unit,2024-01-01
Winco,Guacamole,4.46,1 lb,4.46 per lb,2024-03-01
Winco,Peppers - Poblano,2.48,1 lb,2.48 per lb,2024-03-01
Winco,Red Radish,1.28,1 bundle,1.28 per bundle,2024-03-01
Winco,Lime,0.25,1 lime,0.25 per lime,2024-03-01
Winco,Lime,0.25,1 lime,0.25 per lime,2025-09-01
Winco,Beef Bouillon - Knorr,2.8,7.9 oz,2.80 per unit,2024-03-01
Winco,Garbonzo Beans / Chickpeas,0.82,15.5 oz can,0.82 per unit,2024-03-01
Winco,Balsamic Vinegar - Pompei,3.48,16 oz,3.48 per unit,2024-03-01
Winco,Enchilada Sauce - Green - La Victoria,2.75,28 oz can,2.75 per unit,2024-03-01
Winco,Sour Cream,1.18,8 oz,1.18 per unit,2024-03-01
Winco,Sour Cream,1.24,8 oz,1.24 per unit,2024-05-01
Winco,Whipped Cream - Winco Brand,2.98,13 oz,2.98 per unit,2024-03-01
Winco,Whipped Cream - Winco Brand,5.67,13 oz,5.67 per unit,2024-08-01
Winco,Tortillas - Mission Taco,1.28,"1 package (10 ct, 17.5 oz)",1.28 per unit,2024-10-01
Winco,Tortillas - Mission Taco,1.48,"1 package (10 ct, 17.5 oz)",1.48 per unit,2024-05-01
Winco,Tortillas - Mission Taco,1.98,"1 package (10 ct, 17.5 oz)",1.98 per unit,2025-02-01
Winco,Tortillas - Mission Taco,2.38,"1 package (10 ct, 17.5 oz)",2.38 per unit,2025-09-01
Winco,English Muffins,1.37,6 English Muffins,1.37 per unit,2024-05-01
Winco,English Muffins,1.37,6 English Muffins,1.37 per unit,2025-01-01
Winco,English Muffins,1.37,6 English Muffins,1.37 per unit,2025-09-01
Winco,English Muffins,1.37,6 English Muffins,1.37 per unit,2025-10-01
Winco,Breakfast Sausage - Johnsonville,3.88,10 oz,3.88 per unit,2024-05-01
Winco,Bacon - Hormell Black Label Thick Cut,5.74,1 lb,5.74 per lb,2024-05-01
Winco,Raspberries,2.98,6 oz,2.98 per unit,2024-05-01
Winco,Swiss Chard,1.68,1 bundle,2.78 per bundle,2024-05-01
Winco,Green Beans,1.23,1 lb,1.68 per lb,2024-05-01
Winco,Green Beans,1.98,1 lb,1.98 per lb,2025-01-01
Winco,Parsley,0.98,1 bundle,0.98 per bundle,2024-05-01
Winco,Orange Juice,3.98,52 oz,3.98 per unit per unit,2024-05-01
Winco,Corn Tortillas - Guerrero,3.31,3 lbs,3.31 per unit,2024-05-01
Winco,Bread Crumbs - Winco,1.22,15 oz,1.22 per unit,2024-05-01
Winco,Bread Crumbs - Winco,1.7,15 oz,1.70 per unit,2024-10-01
Winco,Panko Bread Crumbs - Winco,1.7,8 oz,1.70 per unit,2024-05-01
Winco,Flour,4.42,10 lbs,4.42 per unit,2025-10-01
Winco,Flour,4.48,10 lbs,4.48 per unit,2024-05-01
Winco,Lemon Juice - Real Lemon,2.44,15 oz,2.44 per unit,2024-06-01
Winco,Shrimp - Extra Small,5.68,1 lb,5.68 per lb,2024-06-01
Winco,Mozzarella - Belgioioso - Fresh,3.38,8 oz,3.38 per unit,2024-06-01
Winco,Potatoes,2.28,10 lbs,2.28 per unit,2024-06-01
Winco,Potatoes,2.68,10 lbs,2.68 per unit,2024-08-01
Winco,Fennel,2.48,1 lb,2.48 per lb,2024-08-01
Winco,Leeks,3.78,1 Leek,3.78 per unit,2024-08-01
Winco,Lentils - Green,2.28,1 lb,2.28 per lb,2024-08-01
Winco,Raisins - Golden,3.08,1 lb,3.08 per lb,2024-08-01
Winco,Thyme,5.08,1 lb,5.08 per lb,2024-08-01
Winco,Mushrooms,2.48,8 oz,2.48 per unit,2024-08-01
Winco,Minced Garlic,2.98,1 Jar, 2.98 per unit,2024-10-01
Winco,Black Beans - S & W,0.98,15 oz,0.98 per unit,2025-01-01
Winco,Ginger,3.28,1 lb,3.28 per lb,2025-01-01
Winco,Cilantro,0.68,1 bundle,0.68 per bundle,2025-01-01
Winco,English Cucumber,0.98,1 cucumber,0.98 per cucumber,2025-01-01
Winco,English Cucumber,1.48,1 cucumber,1.48 per cucumber,2025-10-01
Winco,Brussels Sprouts,1.98,1 lb,1.98 per lb,2025-01-01
Winco,Brussels Sprouts,1.98,1 lb,1.98 per lb,2025-03-01
Winco,Lemon - Small,0.38,1 Lemon,0.38 per lemon,2025-01-01
Winco,Lemon - Small,0.48,1 Lemon,0.48 per lemon,2025-10-01
Winco,Olives - Winco,1.58,15 oz,1.58 per unit,2025-01-01
Winco,Tortillas - Mission Burrito,4.18,16 Tortillas,4.18 per unit,2025-01-01
Winco,Green Bell Pepper,0.68,1 Pepper,0.68 per pepper,2025-01-01
Winco,Eggplant,0.98,1 Eggplant,0.98 per eggplant,2025-01-01
Winco,Diced Tomato - Canned,0.78,14.5 oz,0.78 per unit,2025-09-01
Winco,Diced Tomato - Canned,0.78,14.5 oz,0.78 per unit,2025-10-01
Winco,Diced Tomato - Canned,0.85,14.5 oz,0.85 per unit,2025-01-01
Winco,Yams - Red,1.68,1 lb,1.68 per lb,2025-02-01
Winco,Cantalope,0.98,1 lb,0.98 per lb,2025-02-01
Winco,Pasta - Barilla,1.48,1 lb,1.48 per lb,2025-03-01
Winco,Sun Dried Tomtatoes,5.48,8.5 oz,5.48 per unit,2025-03-01
Winco,Pickles - Famous Daves,3.73,24 oz,3.73 per unit,2025-03-01
Winco,Hamburger Buns / Rolls,2.88,8 Rolls,2.88 per unit,2025-03-01
Winco,Nectarines,1.48,1 lb,1.48 per lb,2025-08-01
Winco,Brown Rice,1.21,1 lb,1.21 per lb,2025-09-01
Winco,Brown Rice,1.28,1 lb,1.28 per lb,2025-10-01
Winco,Grits,2.18,1 lb,2.18 per lb,2025-09-01
Winco,Walnuts,5.98,1 lb,5.98 per lb,2025-10-01
Winco,Walnuts,6.34,1 lb,6.34 per lb,2025-09-01
Winco,Pecans,8.28,1 lb,8.28 per lb,2025-09-01
Winco,Corn Meal,0.86,1 lb,0.86 per lb,2025-09-01
Winco,Everything Bagel Seasoning,4.48,1 lb,4.48 per lb,2025-09-01
Winco,Sparkling Ice,0.58,17 oz,0.58 per unit,2025-09-01
Winco,Sparkling Ice,0.98,17 oz,0.98 per unit,2025-12-01
Winco,Ranch Dressing Packet - Hidden Valley,1.75,1 oz,1.75 per unit,2025-10-01
Winco,Grape Tomatoes,1.48,1 Pint,1.48 per unit,2025-10-01
Winco,Pasta - Winco,0.74,1 lb,0.74 per lb,2025-10-01
Winco,Granulated Onion,7.58,1.25 lbs,7.58 per unit,2025-10-01
Winco,Popcorn - orville redenbacher,2.48,3 bags,2.48 per unit,2025-10-01
Winco,Milk,1.98,0.5 Gallon,1.98 per 0.5 Gallon,2025-10-01
Winco,Arugula,2.98,8 oz,2.98 per unit,2025-10-01
Winco,Pork Picnic Roast,2.98,1 lb,2.98 per lb,2025-10-01
Winco,Crushed Tomatoes - Canned,1.48,27.5 oz,1.48 per unit,2025-12-01
Winco,Medium Piece Walnuts,5.44,0.91 lb,5.98 per lb,2025-12-28
Winco,Oregano,0.32,0.05 lb,6.49 per lb,2025-12-28
Winco,Milk 2% Half Gallon,2.06,0.5 Gallon,2.06 per 0.5 gallon,2025-12-28
Winco,Shredded Medium Firm Cheese,1.37,8 oz,1.37 per unit,2025-12-28
Winco,Cosmic Crisp Apples,0.84,0.66 lb,1.28 per lb,2025-12-28
Winco,Queso Fresco - El Mexicano,2.97,10 oz,2.97 per unit,2025-12-28
Winco,Mustard,1.38,14 oz,1.38 per unit,2025-12-28
Winco,Green Beans,3.15,1.77 lb,1.78 per lb,2025-12-28
Costco,Strawberries,6.99,2 lbs,3.50 per lb,2025-12-29
Costco,Blueberries,4.99,18 oz,4.44 per lb,2025-12-29
Costco,Raspberries,5.99,12 oz,7.99 per lb,2025-12-29
Costco,Mandarins,3.99,3 lbs,3.99 per unit,2025-12-29
Costco,Onetree Snowglobe Cider,11.99,750ml (1 unit),11.99 per unit,2025-12-29
Costco,Pork Loin,15.66,10.33 lb,1.52 per lb,2025-12-30
Costco,Organic Baby Spinach,4.99,1 lb,4.99 per unit,2025-12-30
Costco,Fresh Raspberries,5.99,12 oz,5.99 per unit,2025-12-30
Costco,Sparkling Holiday Beverage,17.59,4 pack,17.59 per unit,2025-12-30
Costco,Fresh Strawberries,6.99,2 lb,6.99 per unit,2025-12-30
Costco,Del Monte Cut Green Beans,10.99,12 ct,10.99 per unit,2025-12-30
Costco,Fresh Blueberries,4.99,18 oz,4.99 per unit,2025-12-30
Costco,Lesser Evil Organic Popcorn,4.49,12 oz,4.49 per unit,2025-12-30
Costco,One Tree Snow Plum Hard Cider,11.99,750ml (1 unit),11.99 per unit,2025-12-30
Costco,One Tree Snow Plum Hard Cider,11.99,750ml (1 unit),11.99 per unit,2025-12-30
